,moderna,pfizer,chadox1,uk_d8,uk_69-70d,uk_144d,uk_n501y,uk_a570d,uk_p681h,uk_t716i,uk_s982a,uk_d1118h,sa_d9,sa_l18f,sa_d80a,sa_d215g,sa_242-244d,sa_r246i,sa_k417n,sa_e484k,sa_n501y,sa_a701v,
pfizer01,0,0,0,0,0,0,0,0,0,0,0,0,0,0,0,0,0,0,0,0,0,0,
pfizer02,0,0,0,0,0,0,0,0,0,0,0,0,0,0,0,0,0,0,0,0,0,0,
pfizer03,0,0,0,0,0,0,0,0,0,0,0,0,0,0,0,0,0,0,0,0,0,0,
pfizer04,0,0,0,0,0,0,0,0,0,0,0,0,0,0,0,0,0,0,0,0,0,0,
pfizer05,0,0,0,0,0,0,0,0,0,0,0,0,0,0,0,0,0,0,0,0,0,0,
pfizer06,0,0,0,0,0,0,0,0,0,0,0,0,0,0,0,0,0,0,0,0,0,0,
pfizer07,0,0,0,0,0,0,0,0,0,0,0,0,0,0,0,0,0,0,0,0,0,0,
pfizer08,0,0,0,0,0,0,0,0,0,0,0,0,0,0,0,0,0,0,0,0,0,0,
pfizer09,0,0,0,0,0,0,0,0,0,0,0,0,0,0,0,0,0,0,0,0,0,0,
pfizer10,0,0,0,0,0,0,0,0,0,0,0,0,0,0,0,0,0,0,0,0,0,0,
pfizer11,0,0,0,0,0,0,0,0,0,0,0,0,0,0,0,0,0,0,0,0,0,0,
pfizer12,0,0,0,0,0,0,0,0,0,0,0,0,0,0,0,0,0,0,0,0,0,0,
pfizer13,0,0,0,0,0,0,0,0,0,0,0,0,0,0,0,0,0,0,0,0,0,0,
pfizer14,0,0,0,0,0,0,0,0,0,0,0,0,0,0,0,0,0,0,0,0,0,0,
pfizer15,0,0,0,0,0,0,0,0,0,0,0,0,0,0,0,0,0,0,0,0,0,0,
pfizer16,0,0,0,0,0,0,0,0,0,0,0,0,0,0,0,0,0,0,0,0,0,0,
pfizer17,0,0,0,0,0,0,0,0,0,0,0,0,0,0,0,0,0,0,0,0,0,0,
pfizer18,0,0,0,0,0,0,0,0,0,0,0,0,0,0,0,0,0,0,0,0,0,0,
pfizer19,0,0,0,0,0,0,0,0,0,0,0,0,0,0,0,0,0,0,0,0,0,0,
pfizer20,0,0,0,0,0,0,0,0,0,0,0,0,0,0,0,0,0,0,0,0,0,0,
pfizer21,0,0,0,0,0,0,0,0,0,0,0,0,0,0,0,0,0,0,0,0,0,0,
pfizer22,0,0,0,0,0,0,0,0,0,0,0,0,0,0,0,0,0,0,0,0,0,0,
pfizer23,0,0,0,0,0,0,0,0,0,0,0,0,0,0,0,0,0,0,0,0,0,0,
pfizer24,0,0,0,0,0,0,0,0,0,0,0,0,0,0,0,0,0,0,0,0,0,0,
pfizer25,0,0,0,0,0,0,0,0,0,0,0,0,0,0,0,0,0,0,0,0,0,0,
chadox1_01,0,0,0,0,0,0,0,0,0,0,0,0,0,0,0,0,0,0,0,0,0,0,
chadox1_02,0,0,0,0,0,0,0,0,0,0,0,0,0,0,0,0,0,0,0,0,0,0,
chadox1_03,0,0,0,0,0,0,0,0,0,0,0,0,0,0,0,0,0,0,0,0,0,0,
chadox1_04,0,0,0,0,0,0,0,0,0,0,0,0,0,0,0,0,0,0,0,0,0,0,
chadox1_05,0,0,0,0,0,0,0,0,0,0,0,0,0,0,0,0,0,0,0,0,0,0,
chadox1_06,0,0,0,0,0,0,0,0,0,0,0,0,0,0,0,0,0,0,0,0,0,0,
chadox1_07,0,0,0,0,0,0,0,0,0,0,0,0,0,0,0,0,0,0,0,0,0,0,
chadox1_08,0,0,0,0,0,0,0,0,0,0,0,0,0,0,0,0,0,0,0,0,0,0,
chadox1_09,0,0,0,0,0,0,0,0,0,0,0,0,0,0,0,0,0,0,0,0,0,0,
chadox1_10,0,0,0,0,0,0,0,0,0,0,0,0,0,0,0,0,0,0,0,0,0,0,
chadox1_11,0,0,0,0,0,0,0,0,0,0,0,0,0,0,0,0,0,0,0,0,0,0,
chadox1_12,0,0,0,0,0,0,0,0,0,0,0,0,0,0,0,0,0,0,0,0,0,0,
chadox1_13,0,0,0,0,0,0,0,0,0,0,0,0,0,0,0,0,0,0,0,0,0,0,
chadox1_14,0,0,0,0,0,0,0,0,0,0,0,0,0,0,0,0,0,0,0,0,0,0,
chadox1_15,0,0,0,0,0,0,0,0,0,0,0,0,0,0,0,0,0,0,0,0,0,0,
chadox1_16,0,0,0,0,0,0,0,0,0,0,0,0,0,0,0,0,0,0,0,0,0,0,
chadox1_17,0,0,0,0,0,0,0,0,0,0,0,0,0,0,0,0,0,0,0,0,0,0,
chadox1_18,0,0,0,0,0,0,0,0,0,0,0,0,0,0,0,0,0,0,0,0,0,0,
chadox1_19,0,0,0,0,0,0,0,0,0,0,0,0,0,0,0,0,0,0,0,0,0,0,
chadox1_20,0,0,0,0,0,0,0,0,0,0,0,0,0,0,0,0,0,0,0,0,0,0,
chadox1_21,0,0,0,0,0,0,0,0,0,0,0,0,0,0,0,0,0,0,0,0,0,0,
chadox1_22,0,0,0,0,0,0,0,0,0,0,0,0,0,0,0,0,0,0,0,0,0,0,
chadox1_23,0,0,0,0,0,0,0,0,0,0,0,0,0,0,0,0,0,0,0,0,0,0,
chadox1_24,0,0,0,0,0,0,0,0,0,0,0,0,0,0,0,0,0,0,0,0,0,0,
chadox1_25,0,0,0,0,0,0,0,0,0,0,0,0,0,0,0,0,0,0,0,0,0,0,
moderna_v01,0,0,0,-0.16877,0.103088,-0.00710229,0.0859431,-0.0115353,0.424463,-0.0844281,-0.0409753,-0.0404031,0.127877,0.268361,-0.0575131,-0.124133,-0.362455,-0.0743585,0.173379,0.0171319,0.0859431,0.0901738,
moderna_v02,0,0,0,-0.104527,0.11067,-0.0553276,-0.0555431,0.235378,0.117877,-0.164367,0.12905,0.092506,-0.0977504,-0.0464482,0.0713603,0.0538838,0.245658,0.189604,0.113785,0.0840644,-0.0555431,0.030628,
moderna_v03,0,0,0,-0.172667,-0.206023,-0.121649,-0.428061,-0.115359,-0.230581,-0.199391,-0.0464072,-0.0328506,-0.304818,-0.35428,-0.218451,0.055753,0.188197,-0.162027,-0.118447,-0.0297678,-0.428061,-0.16259,
moderna_v04,0,0,0,0.255398,0.0222969,0.413835,0.11155,0.247708,-0.170773,0.0953838,0.103006,-0.114582,-0.0429202,-0.103219,0.213813,-0.0837097,-2.15284e-05,0.122153,-0.0651383,-0.0943948,0.11155,-0.248537,
moderna_v05,0,0,0,-0.0271199,-0.178513,-0.0616986,-0.431424,0.134706,-0.180766,0.0352208,0.0377917,0.0368767,-0.109594,-0.169372,-0.0603599,0.136303,-0.0633324,-0.148603,-0.0447703,0.243293,-0.431424,-0.165178,
moderna_v06,0,0,0,-0.012987,-0.108845,-0.0530717,0.211232,0.0661508,0.0283981,0.00712226,0.00609723,0.0953296,0.00659445,-0.0493724,0.0630896,0.0977819,0.129942,0.0597242,-0.149041,0.0172202,0.211232,-0.105546,
moderna_v07,0,0,0,0.10349,0.282248,-0.0235785,0.32489,0.287497,0.0656056,0.215475,0.0917434,0.0301354,0.116947,0.565752,0.205624,-0.0434699,-0.100256,0.143031,0.228728,0.205117,0.32489,-0.0864058,
moderna_v08,0,0,0,-0.156051,0.0148929,-0.0707674,-0.405306,0.112327,-0.153031,-0.0187684,-0.269321,-0.177207,0.381744,-0.229167,-0.277499,-0.528811,-0.125504,-0.290182,-0.162172,-0.312105,0.287841,-0.196001,
moderna_v09,0,0,0,0.0575221,0.157873,-0.0632368,-0.171581,-0.123789,0.0208193,-0.0909511,-0.0067628,-0.0562096,-0.0312403,-0.0361961,0.0658605,-0.042801,0.0232002,-0.0205645,0.00522213,-0.00418502,-0.171581,0.186069,
moderna_v10,0,0,0,0.232842,-0.214504,-0.0188545,0.680084,0.0750592,-0.0261824,0.141197,0.0639322,-0.0116068,0.195124,0.0538291,0.443718,0.501632,-0.00528891,0.0664337,0.124472,-0.0754722,0.680084,0.145541,
moderna_v11,0,0,0,0.235318,0.0663081,0.0880374,0.416057,-0.0107803,0.0777627,-0.0403673,0.17117,0.0505447,-0.193431,0.241549,-0.0168677,0.0546745,0.0418422,0.159969,-0.192546,-0.0175167,0.416057,0.508218,
moderna_v12,0,0,0,-0.0297568,0.0786959,-0.0985107,-0.185252,0.0901693,0.0720135,0.0618233,0.0997721,0.0885481,-0.0624467,-0.0423494,-0.0721242,-0.125503,-0.0110219,-0.135892,0.153086,0.162457,-0.185252,0.0633867,
pfizer_v13,0,0,0,-0.0671607,-0.153496,-0.00495737,0.00187391,0.01348,0.148347,0.197269,0.0367192,0.0183954,0.015352,0.112634,0.335646,0.0336927,-0.0624983,-0.235361,0.0996165,-0.00161569,0.00187391,0.0736717,
pfizer_v14,0,0,0,-0.154474,0.1458,-0.179823,0.183427,0.125694,0.147874,0.100754,-0.108179,0.0174894,0.16576,-0.109886,0.0414069,0.12833,-0.216064,-0.123519,0.225841,-0.179955,0.183427,0.480372,
pfizer_v15,0,0,0,-0.0561215,0.0276496,0.0705451,-0.196448,0.0570137,-0.0239095,0.00353912,0.00488356,-0.0294894,-0.0503811,0.131442,0.169482,-0.141297,0.0301133,0.173796,-0.0375597,0.228015,-0.196448,0.0470368,
pfizer_v16,0,0,0,-0.0755787,0.0191722,0.020966,-0.113989,0.376714,0.122038,-0.0408525,-0.0989774,-0.0924996,0.108082,0.119092,0.222544,-0.240763,0.00635331,-0.0424402,0.0789811,0.180333,-0.113989,0.0481713,
pfizer_v17,0,0,0,0.212798,-0.18823,-0.0463642,-0.143463,0.0147289,0.00861138,-0.019296,-0.0769082,0.0166341,0.0974347,0.0211282,-0.161652,-0.0111211,0.30677,0.0990784,-0.270249,-0.218178,-0.143463,-0.298481,
pfizer_v18,0,0,0,-0.0799931,-0.0997654,0.231392,-0.00443541,-0.0343893,0.0742322,-0.0138508,-0.0483597,0.0307789,0.196076,-0.122467,-0.204902,-0.120507,0.273027,0.277029,0.17467,-0.531813,-0.00443541,-0.0457068,
pfizer_v19,0,0,0,-0.0901499,0.159838,0.0764297,0.133217,0.142872,0.111176,-0.0846329,0.0136132,0.12183,-0.0731366,0.209983,0.0811714,0.0269681,0.0743854,0.468922,0.213169,0.0238204,0.133217,-0.025009,
pfizer_v20,0,0,0,-0.278042,0.157838,-0.0791064,-0.269485,-0.0928278,-0.267551,0.111946,-0.206469,0.0669461,0.269122,-0.129402,-0.218387,0.147114,-0.286533,-0.752154,-0.124095,-0.00411451,-0.269485,0.180887,
pfizer_v21,0,0,0,0.28448,-0.139068,0.21824,0.0158673,-0.244881,-0.0180193,-0.0869966,-0.0935161,-0.0485169,-0.236644,-0.16024,-0.0485602,0.0698149,-0.0257616,-0.0645667,-0.429682,0.0661723,0.0158673,-0.248442,
pfizer_v22,0,0,0,0.184266,0.382966,-0.0610183,0.0757239,0.105009,0.0465452,-0.00772882,-0.0270965,-0.0420108,0.0014467,0.185714,0.0816383,0.113866,-0.20783,-0.074212,0.179151,-0.0339964,0.0757239,-0.142769,
