mutation, antigenicity
l18f, 0.0185
t19r, 0.4403
t20n, 0.0001
p26s, 0.0001
69-70d, 0.0000
d80a, 0.1643
t95i, 0.2795
d138y, 0.0001
g142d, 0.2795
144d, 0.0000
e154k, 0.2795
d156-157, 0.4403
r190s, 0.0001
d215g, 0.1643
a222v, 0.4403
r246i, 0.1643
241-243d, 0.1643
k417n, 0.8581
k417t, 0.4466
l452r, 0.2315
t478k, 0.4403,
e484q, 0.2795
e484k, 0.7157
n501y, 0.1908
a570d, 0.2961
d614g, 0.3510
h655y, 0.0001
p681h, 0.2961
a701v, 0.1643
t716i, 0.2961
s982a, 0.2961
t1027i, 0.0001
d1118h, 0.2961
v1176f, 0.0001
