,victoria,b.1.1.7,b.1.351,p.1,b.1.617.1-pv,b.1.617.2,moderna,pfizer,chadox1,wuhan-n501y,wuhan-e484k,b.1.1.7-e484k,b.1.1.7ntd-e484k,b.1.1.7ntd-n501y,b.1.351-e484k,b.1.351-n501y,b.1.351ntd-e484k,p.1-n501y,p.1-e484k,d614g,p.2,bristol,uk_d8,uk_69-70d,uk_144d,uk_n501y,uk_a570d,uk_p681h,uk_t716i,uk_s982a,uk_d1118h,sa_d9,sa_l18f,sa_d80a,sa_d215g,sa_242-244d,sa_r246i,sa_k417n,sa_e484k,sa_n501y,sa_a701v,ng,kyg,kyng,
pfizer01,-0.0257805,-0.198287,-0.521542,-0.253631,-0.207259,-0.254311,0,-0.00949756,0,0,0,0,0,0,0,0,0,0,0,0,0,0,0,0,0,0,0,0,0,0,0,0,0,0,0,0,0,0,0,0,0,0,0,0,
pfizer02,0.156658,-0.0158488,-0.339103,-0.0711926,-0.0248209,-0.0718727,0,0.172941,0,0,0,0,0,0,0,0,0,0,0,0,0,0,0,0,0,0,0,0,0,0,0,0,0,0,0,0,0,0,0,0,0,0,0,0,
pfizer03,-0.018334,-0.190841,-0.514095,-0.246184,-0.199813,-0.246865,0,-0.0020511,0,0,0,0,0,0,0,0,0,0,0,0,0,0,0,0,0,0,0,0,0,0,0,0,0,0,0,0,0,0,0,0,0,0,0,0,
pfizer04,0.073683,-0.0988237,-0.422078,-0.154167,-0.107796,-0.154848,0,0.0899659,0,0,0,0,0,0,0,0,0,0,0,0,0,0,0,0,0,0,0,0,0,0,0,0,0,0,0,0,0,0,0,0,0,0,0,0,
pfizer05,-0.0124832,-0.18499,-0.508244,-0.240334,-0.193962,-0.241014,0,0.00379969,0,0,0,0,0,0,0,0,0,0,0,0,0,0,0,0,0,0,0,0,0,0,0,0,0,0,0,0,0,0,0,0,0,0,0,0,
pfizer06,-0.00982377,-0.18233,-0.505585,-0.237674,-0.191302,-0.238354,0,0.00645914,0,0,0,0,0,0,0,0,0,0,0,0,0,0,0,0,0,0,0,0,0,0,0,0,0,0,0,0,0,0,0,0,0,0,0,0,
pfizer07,0.0508117,-0.121695,-0.444949,-0.177039,-0.130667,-0.177719,0,0.0670946,0,0,0,0,0,0,0,0,0,0,0,0,0,0,0,0,0,0,0,0,0,0,0,0,0,0,0,0,0,0,0,0,0,0,0,0,
pfizer08,-0.00982377,-0.18233,-0.505585,-0.237674,-0.191302,-0.238354,0,0.00645914,0,0,0,0,0,0,0,0,0,0,0,0,0,0,0,0,0,0,0,0,0,0,0,0,0,0,0,0,0,0,0,0,0,0,0,0,
pfizer09,-0.0837565,-0.256263,-0.579518,-0.311607,-0.265235,-0.312287,0,-0.0674736,0,0,0,0,0,0,0,0,0,0,0,0,0,0,0,0,0,0,0,0,0,0,0,0,0,0,0,0,0,0,0,0,0,0,0,0,
pfizer10,-0.0709911,-0.243498,-0.566752,-0.298841,-0.25247,-0.299522,0,-0.0547082,0,0,0,0,0,0,0,0,0,0,0,0,0,0,0,0,0,0,0,0,0,0,0,0,0,0,0,0,0,0,0,0,0,0,0,0,
pfizer11,-0.0316313,-0.204138,-0.527392,-0.259482,-0.21311,-0.260162,0,-0.0153484,0,0,0,0,0,0,0,0,0,0,0,0,0,0,0,0,0,0,0,0,0,0,0,0,0,0,0,0,0,0,0,0,0,0,0,0,
pfizer12,-0.0688636,-0.24137,-0.564625,-0.296714,-0.250342,-0.297394,0,-0.0525807,0,0,0,0,0,0,0,0,0,0,0,0,0,0,0,0,0,0,0,0,0,0,0,0,0,0,0,0,0,0,0,0,0,0,0,0,
pfizer13,0.00985616,-0.16265,-0.485905,-0.217994,-0.171622,-0.218674,0,0.0261391,0,0,0,0,0,0,0,0,0,0,0,0,0,0,0,0,0,0,0,0,0,0,0,0,0,0,0,0,0,0,0,0,0,0,0,0,
pfizer14,0.0380463,-0.13446,-0.457715,-0.189804,-0.143432,-0.190484,0,0.0543292,0,0,0,0,0,0,0,0,0,0,0,0,0,0,0,0,0,0,0,0,0,0,0,0,0,0,0,0,0,0,0,0,0,0,0,0,
pfizer15,-0.000249746,-0.172756,-0.496011,-0.2281,-0.181728,-0.22878,0,0.0160332,0,0,0,0,0,0,0,0,0,0,0,0,0,0,0,0,0,0,0,0,0,0,0,0,0,0,0,0,0,0,0,0,0,0,0,0,
pfizer16,-0.0768419,-0.249349,-0.572603,-0.304692,-0.258321,-0.305372,0,-0.060559,0,0,0,0,0,0,0,0,0,0,0,0,0,0,0,0,0,0,0,0,0,0,0,0,0,0,0,0,0,0,0,0,0,0,0,0,
pfizer17,-0.0603533,-0.23286,-0.556114,-0.288204,-0.241832,-0.288884,0,-0.0440704,0,0,0,0,0,0,0,0,0,0,0,0,0,0,0,0,0,0,0,0,0,0,0,0,0,0,0,0,0,0,0,0,0,0,0,0,
pfizer18,-0.0209935,-0.1935,-0.516755,-0.248844,-0.202472,-0.249524,0,-0.00471055,0,0,0,0,0,0,0,0,0,0,0,0,0,0,0,0,0,0,0,0,0,0,0,0,0,0,0,0,0,0,0,0,0,0,0,0,
pfizer19,0.0279404,-0.144566,-0.467821,-0.19991,-0.153538,-0.20059,0,0.0442233,0,0,0,0,0,0,0,0,0,0,0,0,0,0,0,0,0,0,0,0,0,0,0,0,0,0,0,0,0,0,0,0,0,0,0,0,
pfizer20,0.00347348,-0.169033,-0.492288,-0.224377,-0.178005,-0.225057,0,0.0197564,0,0,0,0,0,0,0,0,0,0,0,0,0,0,0,0,0,0,0,0,0,0,0,0,0,0,0,0,0,0,0,0,0,0,0,0,
pfizer21,-0.0662041,-0.238711,-0.561965,-0.294054,-0.247683,-0.294735,0,-0.0499212,0,0,0,0,0,0,0,0,0,0,0,0,0,0,0,0,0,0,0,0,0,0,0,0,0,0,0,0,0,0,0,0,0,0,0,0,
pfizer22,0.0146432,-0.157863,-0.481118,-0.213207,-0.166835,-0.213887,0,0.0309261,0,0,0,0,0,0,0,0,0,0,0,0,0,0,0,0,0,0,0,0,0,0,0,0,0,0,0,0,0,0,0,0,0,0,0,0,
pfizer23,-0.0853521,-0.257859,-0.581113,-0.313202,-0.266831,-0.313883,0,-0.0690692,0,0,0,0,0,0,0,0,0,0,0,0,0,0,0,0,0,0,0,0,0,0,0,0,0,0,0,0,0,0,0,0,0,0,0,0,
pfizer24,0.020494,-0.152013,-0.475267,-0.207356,-0.160985,-0.208037,0,0.0367769,0,0,0,0,0,0,0,0,0,0,0,0,0,0,0,0,0,0,0,0,0,0,0,0,0,0,0,0,0,0,0,0,0,0,0,0,
pfizer25,0.0401739,-0.132333,-0.455587,-0.187676,-0.141305,-0.188357,0,0.0564568,0,0,0,0,0,0,0,0,0,0,0,0,0,0,0,0,0,0,0,0,0,0,0,0,0,0,0,0,0,0,0,0,0,0,0,0,
chadox1_01,0.071504,-0.124203,-0.438848,-0.191491,-0.139265,-0.238815,0,0,0.0873461,0,0,0,0,0,0,0,0,0,0,0,0,0,0,0,0,0,0,0,0,0,0,0,0,0,0,0,0,0,0,0,0,0,0,0,
chadox1_02,0.0810781,-0.114629,-0.429274,-0.181917,-0.129691,-0.229241,0,0,0.0969201,0,0,0,0,0,0,0,0,0,0,0,0,0,0,0,0,0,0,0,0,0,0,0,0,0,0,0,0,0,0,0,0,0,0,0,
chadox1_03,-0.174761,-0.370468,-0.685113,-0.437756,-0.38553,-0.48508,0,0,-0.158919,0,0,0,0,0,0,0,0,0,0,0,0,0,0,0,0,0,0,0,0,0,0,0,0,0,0,0,0,0,0,0,0,0,0,0,
chadox1_04,0.0842694,-0.111438,-0.426083,-0.178726,-0.1265,-0.226049,0,0,0.100111,0,0,0,0,0,0,0,0,0,0,0,0,0,0,0,0,0,0,0,0,0,0,0,0,0,0,0,0,0,0,0,0,0,0,0,
chadox1_05,-0.0114708,-0.207178,-0.521823,-0.274466,-0.22224,-0.32179,0,0,0.00437128,0,0,0,0,0,0,0,0,0,0,0,0,0,0,0,0,0,0,0,0,0,0,0,0,0,0,0,0,0,0,0,0,0,0,0,
chadox1_06,-0.0875311,-0.283238,-0.597883,-0.350526,-0.2983,-0.39785,0,0,-0.071689,0,0,0,0,0,0,0,0,0,0,0,0,0,0,0,0,0,0,0,0,0,0,0,0,0,0,0,0,0,0,0,0,0,0,0,
chadox1_07,-0.0449799,-0.240687,-0.555332,-0.307975,-0.255749,-0.355299,0,0,-0.0291378,0,0,0,0,0,0,0,0,0,0,0,0,0,0,0,0,0,0,0,0,0,0,0,0,0,0,0,0,0,0,0,0,0,0,0,
chadox1_08,0.00767724,-0.18803,-0.502675,-0.255318,-0.203092,-0.302641,0,0,0.0235193,0,0,0,0,0,0,0,0,0,0,0,0,0,0,0,0,0,0,0,0,0,0,0,0,0,0,0,0,0,0,0,0,0,0,0,
chadox1_09,0.0124643,-0.183243,-0.497888,-0.250531,-0.198305,-0.297854,0,0,0.0283063,0,0,0,0,0,0,0,0,0,0,0,0,0,0,0,0,0,0,0,0,0,0,0,0,0,0,0,0,0,0,0,0,0,0,0,
chadox1_10,0.0422501,-0.153457,-0.468102,-0.220745,-0.168519,-0.268069,0,0,0.0580922,0,0,0,0,0,0,0,0,0,0,0,0,0,0,0,0,0,0,0,0,0,0,0,0,0,0,0,0,0,0,0,0,0,0,0,
chadox1_11,-0.00934324,-0.20505,-0.519695,-0.272338,-0.220113,-0.319662,0,0,0.00649884,0,0,0,0,0,0,0,0,0,0,0,0,0,0,0,0,0,0,0,0,0,0,0,0,0,0,0,0,0,0,0,0,0,0,0,
chadox1_12,-0.010407,-0.206114,-0.520759,-0.273402,-0.221176,-0.320726,0,0,0.00543506,0,0,0,0,0,0,0,0,0,0,0,0,0,0,0,0,0,0,0,0,0,0,0,0,0,0,0,0,0,0,0,0,0,0,0,
chadox1_13,0.0119324,-0.183775,-0.49842,-0.251063,-0.198837,-0.298386,0,0,0.0277744,0,0,0,0,0,0,0,0,0,0,0,0,0,0,0,0,0,0,0,0,0,0,0,0,0,0,0,0,0,0,0,0,0,0,0,
chadox1_14,-0.0215767,-0.217284,-0.531929,-0.284572,-0.232346,-0.331895,0,0,-0.00573463,0,0,0,0,0,0,0,0,0,0,0,0,0,0,0,0,0,0,0,0,0,0,0,0,0,0,0,0,0,0,0,0,0,0,0,
chadox1_15,-0.0572133,-0.25292,-0.567565,-0.320209,-0.267983,-0.367532,0,0,-0.0413713,0,0,0,0,0,0,0,0,0,0,0,0,0,0,0,0,0,0,0,0,0,0,0,0,0,0,0,0,0,0,0,0,0,0,0,
chadox1_16,-0.0205129,-0.21622,-0.530865,-0.283508,-0.231282,-0.330832,0,0,-0.00467085,0,0,0,0,0,0,0,0,0,0,0,0,0,0,0,0,0,0,0,0,0,0,0,0,0,0,0,0,0,0,0,0,0,0,0,
chadox1_17,-0.0710425,-0.266749,-0.581394,-0.334038,-0.281812,-0.381361,0,0,-0.0552004,0,0,0,0,0,0,0,0,0,0,0,0,0,0,0,0,0,0,0,0,0,0,0,0,0,0,0,0,0,0,0,0,0,0,0,
chadox1_18,0.00182645,-0.193881,-0.508525,-0.261169,-0.208943,-0.308492,0,0,0.0176685,0,0,0,0,0,0,0,0,0,0,0,0,0,0,0,0,0,0,0,0,0,0,0,0,0,0,0,0,0,0,0,0,0,0,0,
chadox1_19,-0.0183854,-0.214092,-0.528737,-0.281381,-0.229155,-0.328704,0,0,-0.00254329,0,0,0,0,0,0,0,0,0,0,0,0,0,0,0,0,0,0,0,0,0,0,0,0,0,0,0,0,0,0,0,0,0,0,0,
chadox1_20,-0.0125346,-0.208242,-0.522887,-0.27553,-0.223304,-0.322853,0,0,0.0033075,0,0,0,0,0,0,0,0,0,0,0,0,0,0,0,0,0,0,0,0,0,0,0,0,0,0,0,0,0,0,0,0,0,0,0,
chadox1_21,-0.0162578,-0.211965,-0.52661,-0.279253,-0.227027,-0.326577,0,0,-0.000415731,0,0,0,0,0,0,0,0,0,0,0,0,0,0,0,0,0,0,0,0,0,0,0,0,0,0,0,0,0,0,0,0,0,0,0,
chadox1_22,-0.000832996,-0.19654,-0.511185,-0.263828,-0.211602,-0.311152,0,0,0.0150091,0,0,0,0,0,0,0,0,0,0,0,0,0,0,0,0,0,0,0,0,0,0,0,0,0,0,0,0,0,0,0,0,0,0,0,
chadox1_23,-0.00402434,-0.199731,-0.514376,-0.26702,-0.214794,-0.314343,0,0,0.0118177,0,0,0,0,0,0,0,0,0,0,0,0,0,0,0,0,0,0,0,0,0,0,0,0,0,0,0,0,0,0,0,0,0,0,0,
chadox1_24,0.0385269,-0.15718,-0.471825,-0.224468,-0.172243,-0.271792,0,0,0.0543689,0,0,0,0,0,0,0,0,0,0,0,0,0,0,0,0,0,0,0,0,0,0,0,0,0,0,0,0,0,0,0,0,0,0,0,
chadox1_25,-0.0316826,-0.22739,-0.542035,-0.294678,-0.242452,-0.342001,0,0,-0.0158405,0,0,0,0,0,0,0,0,0,0,0,0,0,0,0,0,0,0,0,0,0,0,0,0,0,0,0,0,0,0,0,0,0,0,0,
p.1-1,-0.40102,-0.404389,-0.318437,-0.11789,-0.255292,-0.942852,0,0,0,0,0,0,0,0,0,0,0,0,0,-0.737447,-0.700019,-0.588698,0,0,0,0,0,0,0,0,0,0,0,0,0,0,0,0,0,0,0,0,0,0,
p.1-2,-0.552807,-0.556176,-0.470224,-0.269677,-0.407079,-1.09464,0,0,0,0,0,0,0,0,0,0,0,0,0,-0.889234,-0.851806,-0.740485,0,0,0,0,0,0,0,0,0,0,0,0,0,0,0,0,0,0,0,0,0,0,
p.1-3,-0.489757,-0.493126,-0.407174,-0.206627,-0.344029,-1.03159,0,0,0,0,0,0,0,0,0,0,0,0,0,-0.826184,-0.788756,-0.677435,0,0,0,0,0,0,0,0,0,0,0,0,0,0,0,0,0,0,0,0,0,0,
p.1-4,-0.427174,-0.430543,-0.344591,-0.144044,-0.281446,-0.969006,0,0,0,0,0,0,0,0,0,0,0,0,0,-0.763601,-0.726173,-0.614852,0,0,0,0,0,0,0,0,0,0,0,0,0,0,0,0,0,0,0,0,0,0,
p.1-5,-0.500499,-0.503868,-0.417916,-0.217369,-0.354771,-1.04233,0,0,0,0,0,0,0,0,0,0,0,0,0,-0.836926,-0.799498,-0.688177,0,0,0,0,0,0,0,0,0,0,0,0,0,0,0,0,0,0,0,0,0,0,
p.1-6,-0.0175825,-0.0209515,0.0650004,0.265547,0.128145,-0.559414,0,0,0,0,0,0,0,0,0,0,0,0,0,-0.35401,-0.316582,-0.205261,0,0,0,0,0,0,0,0,0,0,0,0,0,0,0,0,0,0,0,0,0,0,
p.1-7,-0.263244,-0.266613,-0.180661,0.0198857,-0.117516,-0.805076,0,0,0,0,0,0,0,0,0,0,0,0,0,-0.599671,-0.562243,-0.450922,0,0,0,0,0,0,0,0,0,0,0,0,0,0,0,0,0,0,0,0,0,0,
p.1-8,-0.429509,-0.432878,-0.346926,-0.146379,-0.283782,-0.971341,0,0,0,0,0,0,0,0,0,0,0,0,0,-0.765937,-0.728508,-0.617187,0,0,0,0,0,0,0,0,0,0,0,0,0,0,0,0,0,0,0,0,0,0,
p.1-9,-0.508905,-0.512274,-0.426322,-0.225776,-0.363178,-1.05074,0,0,0,0,0,0,0,0,0,0,0,0,0,-0.845333,-0.807904,-0.696584,0,0,0,0,0,0,0,0,0,0,0,0,0,0,0,0,0,0,0,0,0,0,
p.1-10,-0.625197,-0.628566,-0.542615,-0.342068,-0.47947,-1.16703,0,0,0,0,0,0,0,0,0,0,0,0,0,-0.961625,-0.924197,-0.812876,0,0,0,0,0,0,0,0,0,0,0,0,0,0,0,0,0,0,0,0,0,0,
p.1-11,-0.378602,-0.381971,-0.296019,-0.0954724,-0.232874,-0.920434,0,0,0,0,0,0,0,0,0,0,0,0,0,-0.71503,-0.677601,-0.56628,0,0,0,0,0,0,0,0,0,0,0,0,0,0,0,0,0,0,0,0,0,0,
p.1-12,-0.480416,-0.483785,-0.397833,-0.197286,-0.334689,-1.02225,0,0,0,0,0,0,0,0,0,0,0,0,0,-0.816844,-0.779415,-0.668094,0,0,0,0,0,0,0,0,0,0,0,0,0,0,0,0,0,0,0,0,0,0,
p.1-13,-0.690583,-0.693952,-0.608,-0.407453,-0.544855,-1.23241,0,0,0,0,0,0,0,0,0,0,0,0,0,-1.02701,-0.989582,-0.878261,0,0,0,0,0,0,0,0,0,0,0,0,0,0,0,0,0,0,0,0,0,0,
p.1-14,-0.33003,-0.333399,-0.247447,-0.0469006,-0.184303,-0.871862,0,0,0,0,0,0,0,0,0,0,0,0,0,-0.666458,-0.629029,-0.517709,0,0,0,0,0,0,0,0,0,0,0,0,0,0,0,0,0,0,0,0,0,0,
p.1-15,0.00156605,-0.00180295,0.0841489,0.284696,0.147294,-0.540266,0,0,0,0,0,0,0,0,0,0,0,0,0,-0.334862,-0.297433,-0.186112,0,0,0,0,0,0,0,0,0,0,0,0,0,0,0,0,0,0,0,0,0,0,
p.1-16,-0.0133791,-0.0167481,0.0692037,0.26975,0.132348,-0.555211,0,0,0,0,0,0,0,0,0,0,0,0,0,-0.349807,-0.312378,-0.201058,0,0,0,0,0,0,0,0,0,0,0,0,0,0,0,0,0,0,0,0,0,0,
p.1-17,0.0440664,0.0406974,0.126649,0.327196,0.189794,-0.497765,0,0,0,0,0,0,0,0,0,0,0,0,0,-0.292361,-0.254933,-0.143612,0,0,0,0,0,0,0,0,0,0,0,0,0,0,0,0,0,0,0,0,0,0,
sa002,-0.407695,-0.2714,0.121174,-0.0793725,-0.155186,-0.586702,0,0,0,0,0,0,0,0,0,0,0,0,0,-0.466393,-0.271259,-0.192915,0,0,0,0,0,0,0,0,0,0,0,0,0,0,0,0,0,0,0,0,0,0,
sa004,-0.394151,-0.257856,0.134718,-0.0658284,-0.141642,-0.573158,0,0,0,0,0,0,0,0,0,0,0,0,0,-0.452849,-0.257715,-0.179371,0,0,0,0,0,0,0,0,0,0,0,0,0,0,0,0,0,0,0,0,0,0,
sa005,-0.719675,-0.583381,-0.190806,-0.391353,-0.467167,-0.898683,0,0,0,0,0,0,0,0,0,0,0,0,0,-0.778374,-0.583239,-0.504896,0,0,0,0,0,0,0,0,0,0,0,0,0,0,0,0,0,0,0,0,0,0,
sa008,-0.721543,-0.585249,-0.192675,-0.393221,-0.469035,-0.900551,0,0,0,0,0,0,0,0,0,0,0,0,0,-0.780242,-0.585107,-0.506764,0,0,0,0,0,0,0,0,0,0,0,0,0,0,0,0,0,0,0,0,0,0,
sa009,-0.657092,-0.520798,-0.128224,-0.32877,-0.404584,-0.8361,0,0,0,0,0,0,0,0,0,0,0,0,0,-0.715791,-0.520656,-0.442313,0,0,0,0,0,0,0,0,0,0,0,0,0,0,0,0,0,0,0,0,0,0,
sa014,-0.503904,-0.36761,0.0249646,-0.175582,-0.251396,-0.682912,0,0,0,0,0,0,0,0,0,0,0,0,0,-0.562603,-0.367468,-0.289125,0,0,0,0,0,0,0,0,0,0,0,0,0,0,0,0,0,0,0,0,0,0,
sa015,-0.423574,-0.287279,0.105295,-0.0952518,-0.171066,-0.602581,0,0,0,0,0,0,0,0,0,0,0,0,0,-0.482272,-0.287138,-0.208795,0,0,0,0,0,0,0,0,0,0,0,0,0,0,0,0,0,0,0,0,0,0,
sacov-21934,-0.464673,-0.328379,0.0641957,-0.136351,-0.212165,-0.643681,0,0,0,0,0,0,0,0,0,0,0,0,0,-0.523371,-0.328237,-0.249894,0,0,0,0,0,0,0,0,0,0,0,0,0,0,0,0,0,0,0,0,0,0,
sacov-22072,-0.431981,-0.295686,0.0968882,-0.103658,-0.179472,-0.610988,0,0,0,0,0,0,0,0,0,0,0,0,0,-0.490679,-0.295544,-0.217201,0,0,0,0,0,0,0,0,0,0,0,0,0,0,0,0,0,0,0,0,0,0,
sacov-22078,-0.420305,-0.28401,0.108564,-0.0919825,-0.167796,-0.599312,0,0,0,0,0,0,0,0,0,0,0,0,0,-0.479003,-0.283869,-0.205525,0,0,0,0,0,0,0,0,0,0,0,0,0,0,0,0,0,0,0,0,0,0,
sacov-22101,-0.301677,-0.165383,0.227192,0.0266449,-0.0491691,-0.480685,0,0,0,0,0,0,0,0,0,0,0,0,0,-0.360376,-0.165241,-0.0868979,0,0,0,0,0,0,0,0,0,0,0,0,0,0,0,0,0,0,0,0,0,0,
sacov-22104,-0.419838,-0.283543,0.109031,-0.0915155,-0.167329,-0.598845,0,0,0,0,0,0,0,0,0,0,0,0,0,-0.478536,-0.283402,-0.205058,0,0,0,0,0,0,0,0,0,0,0,0,0,0,0,0,0,0,0,0,0,0,
sacov-22113,-0.549674,-0.413379,-0.020805,-0.221352,-0.297166,-0.728681,0,0,0,0,0,0,0,0,0,0,0,0,0,-0.608372,-0.413238,-0.334894,0,0,0,0,0,0,0,0,0,0,0,0,0,0,0,0,0,0,0,0,0,0,
sacov-22160,-0.428244,-0.29195,0.100625,-0.0999221,-0.175736,-0.607252,0,0,0,0,0,0,0,0,0,0,0,0,0,-0.486943,-0.291808,-0.213465,0,0,0,0,0,0,0,0,0,0,0,0,0,0,0,0,0,0,0,0,0,0,
b.1.1.7-p03,-0.348416,-0.153076,-0.54565,-0.439575,-0.298416,-0.32832,0,0,0,0,0,0,0,0,0,0,0,0,0,-0.26065,-0.475449,-0.491117,0,0,0,0,0,0,0,0,0,0,0,0,0,0,0,0,0,0,0,0,0,0,
b.1.1.7-p05,-0.165338,0.0300022,-0.362572,-0.256496,-0.115338,-0.145242,0,0,0,0,0,0,0,0,0,0,0,0,0,-0.0775719,-0.29237,-0.308038,0,0,0,0,0,0,0,0,0,0,0,0,0,0,0,0,0,0,0,0,0,0,
b.1.1.7-p06,-0.139651,0.0556892,-0.336885,-0.230809,-0.0896505,-0.119555,0,0,0,0,0,0,0,0,0,0,0,0,0,-0.0518848,-0.266683,-0.282351,0,0,0,0,0,0,0,0,0,0,0,0,0,0,0,0,0,0,0,0,0,0,
b.1.1.7-p07,-0.0158858,0.179454,-0.21312,-0.107045,0.0341143,0.00420987,0,0,0,0,0,0,0,0,0,0,0,0,0,0.0718799,-0.142919,-0.158586,0,0,0,0,0,0,0,0,0,0,0,0,0,0,0,0,0,0,0,0,0,0,
b.1.1.7-p08,-0.0681939,0.127146,-0.265428,-0.159353,-0.0181938,-0.0480983,0,0,0,0,0,0,0,0,0,0,0,0,0,0.0195718,-0.195227,-0.210895,0,0,0,0,0,0,0,0,0,0,0,0,0,0,0,0,0,0,0,0,0,0,
b.1.1.7-p09,-0.0952821,0.100058,-0.292517,-0.186441,-0.045282,-0.0751864,0,0,0,0,0,0,0,0,0,0,0,0,0,-0.00751633,-0.222315,-0.237983,0,0,0,0,0,0,0,0,0,0,0,0,0,0,0,0,0,0,0,0,0,0,
b.1.1.7-p10,-0.186821,0.00851852,-0.384056,-0.27798,-0.136821,-0.166726,0,0,0,0,0,0,0,0,0,0,0,0,0,-0.0990556,-0.313854,-0.329522,0,0,0,0,0,0,0,0,0,0,0,0,0,0,0,0,0,0,0,0,0,0,
b.1.1.7-p11,-0.140118,0.0552222,-0.337352,-0.231276,-0.0901175,-0.120022,0,0,0,0,0,0,0,0,0,0,0,0,0,-0.0523519,-0.26715,-0.282818,0,0,0,0,0,0,0,0,0,0,0,0,0,0,0,0,0,0,0,0,0,0,
b.1.1.7-p14,-0.0803369,0.115003,-0.277571,-0.171496,-0.0303368,-0.0602412,0,0,0,0,0,0,0,0,0,0,0,0,0,0.00742885,-0.20737,-0.223038,0,0,0,0,0,0,0,0,0,0,0,0,0,0,0,0,0,0,0,0,0,0,
b.1.1.7-p15,0.122824,0.318164,-0.0744103,0.0316654,0.172824,0.14292,0,0,0,0,0,0,0,0,0,0,0,0,0,0.21059,-0.00420864,-0.0198765,0,0,0,0,0,0,0,0,0,0,0,0,0,0,0,0,0,0,0,0,0,0,
b.1.1.7-p16,-0.0322321,0.163108,-0.229467,-0.123391,0.017768,-0.0121364,0,0,0,0,0,0,0,0,0,0,0,0,0,0.0555336,-0.159265,-0.174933,0,0,0,0,0,0,0,0,0,0,0,0,0,0,0,0,0,0,0,0,0,0,
b.1.1.7-p17,-0.192893,0.00244704,-0.390127,-0.284051,-0.142893,-0.172797,0,0,0,0,0,0,0,0,0,0,0,0,0,-0.105127,-0.319926,-0.335593,0,0,0,0,0,0,0,0,0,0,0,0,0,0,0,0,0,0,0,0,0,0,
b.1.1.7-p18,-0.0747324,0.120607,-0.271967,-0.165891,-0.0247324,-0.0546368,0,0,0,0,0,0,0,0,0,0,0,0,0,0.0130333,-0.201765,-0.217433,0,0,0,0,0,0,0,0,0,0,0,0,0,0,0,0,0,0,0,0,0,0,
b.1.1.7-p19,-0.155063,0.040277,-0.352297,-0.246222,-0.105063,-0.134967,0,0,0,0,0,0,0,0,0,0,0,0,0,-0.067297,-0.282096,-0.297763,0,0,0,0,0,0,0,0,0,0,0,0,0,0,0,0,0,0,0,0,0,0,
b.1.1.7-p20,-0.0163528,0.178987,-0.213587,-0.107512,0.0336472,0.00374283,0,0,0,0,0,0,0,0,0,0,0,0,0,0.0714129,-0.143386,-0.159054,0,0,0,0,0,0,0,0,0,0,0,0,0,0,0,0,0,0,0,0,0,0,
b.1.1.7-p22,-0.177481,0.0178593,-0.374715,-0.268639,-0.12748,-0.157385,0,0,0,0,0,0,0,0,0,0,0,0,0,-0.0897148,-0.304513,-0.320181,0,0,0,0,0,0,0,0,0,0,0,0,0,0,0,0,0,0,0,0,0,0,
b.1.1.7-p23,-0.081738,0.113602,-0.278972,-0.172897,-0.0317379,-0.0616423,0,0,0,0,0,0,0,0,0,0,0,0,0,0.00602774,-0.208771,-0.224439,0,0,0,0,0,0,0,0,0,0,0,0,0,0,0,0,0,0,0,0,0,0,
b.1.1.7-p04,-0.0200891,0.175251,-0.217324,-0.111248,0.0299109,6.53952e-06,0,0,0,0,0,0,0,0,0,0,0,0,0,0.0676766,-0.147122,-0.16279,0,0,0,0,0,0,0,0,0,0,0,0,0,0,0,0,0,0,0,0,0,0,
convalescent-01,-0.145346,-0.340685,-0.674214,-0.428475,-0.367947,-0.378588,0,0,0,0,0,0,0,0,0,0,0,0,0,-0.318981,-0.663812,-0.679459,0,0,0,0,0,0,0,0,0,0,0,0,0,0,0,0,0,0,0,0,0,0,
convalescent-02,-0.264636,-0.459976,-0.793505,-0.547766,-0.487238,-0.497878,0,0,0,-0.343997,-0.631026,-0.839866,-0.49697,-0.13141,-0.666784,-0.405596,-0.285255,-0.153824,-0.401841,-0.438272,-0.783102,-0.798749,0,0,0,0,0,0,0,0,0,0,0,0,0,0,0,0,0,0,0,0,0,0,
convalescent-03,0.0694063,-0.125934,-0.459463,-0.213723,-0.153195,-0.163836,0,0,0,-0.00995492,-0.296984,-0.505824,-0.162928,0.202632,-0.332742,-0.0715534,0.0487875,0.180219,-0.0677989,-0.10423,-0.44906,-0.464707,0,0,0,0,0,0,0,0,0,0,0,0,0,0,0,0,0,0,0,0,0,0,
convalescent-04,0.213806,0.018466,-0.315063,-0.0693238,-0.00879572,-0.0194366,0,0,0,0,0,0,0,0,0,0,0,0,0,0.04017,-0.304661,-0.320308,0,0,0,0,0,0,0,0,0,0,0,0,0,0,0,0,0,0,0,0,0,0,
convalescent-05,-0.0536478,-0.248988,-0.582517,-0.336777,-0.276249,-0.28689,0,0,0,-0.133009,-0.420038,-0.628878,-0.285982,0.0795781,-0.455796,-0.194608,-0.0742667,0.0571646,-0.190853,-0.227284,-0.572114,-0.587761,0,0,0,0,0,0,0,0,0,0,0,0,0,0,0,0,0,0,0,0,0,0,
convalescent-06,0.153587,-0.0417527,-0.375282,-0.129542,-0.0690144,-0.0796553,0,0,0,0.0742259,-0.212803,-0.421643,-0.0787468,0.286813,-0.248561,0.0126274,0.132968,0.2644,0.0163819,-0.0200487,-0.364879,-0.380526,0,0,0,0,0,0,0,0,0,0,0,0,0,0,0,0,0,0,0,0,0,0,
convalescent-07,-0.0967737,-0.292114,-0.625643,-0.379903,-0.319375,-0.330016,0,0,0,0,0,0,0,0,0,0,0,0,0,-0.27041,-0.61524,-0.630887,0,0,0,0,0,0,0,0,0,0,0,0,0,0,0,0,0,0,0,0,0,0,
convalescent-08,0.105453,-0.0898866,-0.423416,-0.177676,-0.117148,-0.127789,0,0,0,0,0,0,0,0,0,0,0,0,0,-0.0681826,-0.413013,-0.42866,0,0,0,0,0,0,0,0,0,0,0,0,0,0,0,0,0,0,0,0,0,0,
convalescent-09,-0.233616,-0.428955,-0.762484,-0.516745,-0.456217,-0.466858,0,0,0,0,0,0,0,0,0,0,0,0,0,-0.407251,-0.752082,-0.767729,0,0,0,0,0,0,0,0,0,0,0,0,0,0,0,0,0,0,0,0,0,0,
convalescent-10,-0.219137,-0.414477,-0.748006,-0.502267,-0.441739,-0.45238,0,0,0,0,0,0,0,0,0,0,0,0,0,-0.392773,-0.737604,-0.753251,0,0,0,0,0,0,0,0,0,0,0,0,0,0,0,0,0,0,0,0,0,0,
convalescent-11,-0.0991089,-0.294449,-0.627978,-0.382238,-0.32171,-0.332351,0,0,0,0,0,0,0,0,0,0,0,0,0,-0.272745,-0.617575,-0.633222,0,0,0,0,0,0,0,0,0,0,0,0,0,0,0,0,0,0,0,0,0,0,
convalescent-12,-0.0580097,-0.253349,-0.586878,-0.341139,-0.280611,-0.291252,0,0,0,0,0,0,0,0,0,0,0,0,0,-0.231645,-0.576476,-0.592123,0,0,0,0,0,0,0,0,0,0,0,0,0,0,0,0,0,0,0,0,0,0,
convalescent-13,-0.120593,-0.315932,-0.649461,-0.403722,-0.343194,-0.353835,0,0,0,0,0,0,0,0,0,0,0,0,0,-0.294228,-0.639059,-0.654706,0,0,0,0,0,0,0,0,0,0,0,0,0,0,0,0,0,0,0,0,0,0,
convalescent-14,-0.245291,-0.440631,-0.77416,-0.528421,-0.467893,-0.478534,0,0,0,0,0,0,0,0,0,0,0,0,0,-0.418927,-0.763758,-0.779405,0,0,0,0,0,0,0,0,0,0,0,0,0,0,0,0,0,0,0,0,0,0,
convalescent-15,0.00830955,-0.18703,-0.520559,-0.27482,-0.214292,-0.224933,0,0,0,0,0,0,0,0,0,0,0,0,0,-0.165326,-0.510157,-0.525804,0,0,0,0,0,0,0,0,0,0,0,0,0,0,0,0,0,0,0,0,0,0,
convalescent-16,-0.00710266,-0.202442,-0.535971,-0.290232,-0.229704,-0.240345,0,0,0,0,0,0,0,0,0,0,0,0,0,-0.180738,-0.525569,-0.541216,0,0,0,0,0,0,0,0,0,0,0,0,0,0,0,0,0,0,0,0,0,0,
convalescent-17,-0.223618,-0.418958,-0.752487,-0.506748,-0.446219,-0.45686,0,0,0,-0.302979,-0.590008,-0.798848,-0.455952,-0.0903921,-0.625766,-0.364578,-0.244237,-0.112806,-0.360823,-0.397254,-0.742084,-0.757731,0,0,0,0,0,0,0,0,0,0,0,0,0,0,0,0,0,0,0,0,0,0,
convalescent-18,-0.0636141,-0.258954,-0.592483,-0.346744,-0.286216,-0.296857,0,0,0,0,0,0,0,0,0,0,0,0,0,-0.23725,-0.58208,-0.597728,0,0,0,0,0,0,0,0,0,0,0,0,0,0,0,0,0,0,0,0,0,0,
convalescent-19,-0.102845,-0.298185,-0.631714,-0.385975,-0.325447,-0.336088,0,0,0,0,0,0,0,0,0,0,0,0,0,-0.276481,-0.621312,-0.636959,0,0,0,0,0,0,0,0,0,0,0,0,0,0,0,0,0,0,0,0,0,0,
convalescent-20,0.120398,-0.0749414,-0.40847,-0.162731,-0.102203,-0.112844,0,0,0,0,0,0,0,0,0,0,0,0,0,-0.0532374,-0.398068,-0.413715,0,0,0,0,0,0,0,0,0,0,0,0,0,0,0,0,0,0,0,0,0,0,
convalescent-21,0.00363919,-0.191701,-0.52523,-0.27949,-0.218962,-0.229603,0,0,0,0,0,0,0,0,0,0,0,0,0,-0.169997,-0.514827,-0.530474,0,0,0,0,0,0,0,0,0,0,0,0,0,0,0,0,0,0,0,0,0,0,
convalescent-22,0.156268,-0.0390718,-0.372601,-0.126862,-0.0663335,-0.0769744,0,0,0,0.0769068,-0.210122,-0.418962,-0.0760658,0.289494,-0.24588,0.0153083,0.135649,0.26708,0.0190628,-0.0173678,-0.362198,-0.377845,0,0,0,0,0,0,0,0,0,0,0,0,0,0,0,0,0,0,0,0,0,0,
convalescent-23,0.00737548,-0.187964,-0.521493,-0.275754,-0.215226,-0.225867,0,0,0,0,0,0,0,0,0,0,0,0,0,-0.16626,-0.511091,-0.526738,0,0,0,0,0,0,0,0,0,0,0,0,0,0,0,0,0,0,0,0,0,0,
convalescent-24,-0.0145064,-0.209846,-0.543375,-0.297636,-0.237108,-0.247749,0,0,0,-0.0938676,-0.380897,-0.589736,-0.24684,0.118719,-0.416655,-0.155466,-0.0351253,0.096306,-0.151712,-0.188142,-0.532973,-0.54862,0,0,0,0,0,0,0,0,0,0,0,0,0,0,0,0,0,0,0,0,0,0,
convalescent-25,0.0872388,-0.108101,-0.44163,-0.195891,-0.135363,-0.146004,0,0,0,0,0,0,0,0,0,0,0,0,0,-0.086397,-0.431228,-0.446875,0,0,0,0,0,0,0,0,0,0,0,0,0,0,0,0,0,0,0,0,0,0,
convalescent-26,-0.06268,-0.25802,-0.591549,-0.34581,-0.285282,-0.295922,0,0,0,0,0,0,0,0,0,0,0,0,0,-0.236316,-0.581146,-0.596793,0,0,0,0,0,0,0,0,0,0,0,0,0,0,0,0,0,0,0,0,0,0,
convalescent-27,0.0308011,-0.164539,-0.498068,-0.252328,-0.1918,-0.202441,0,0,0,-0.0485601,-0.335589,-0.544429,-0.201533,0.164027,-0.371347,-0.110159,0.0101822,0.141614,-0.106404,-0.142835,-0.487665,-0.503312,0,0,0,0,0,0,0,0,0,0,0,0,0,0,0,0,0,0,0,0,0,0,
convalescent-28,0.0519803,-0.143359,-0.476888,-0.231149,-0.170621,-0.181262,0,0,0,-0.0273809,-0.31441,-0.52325,-0.180354,0.185206,-0.350168,-0.0889794,0.0313615,0.162793,-0.0852249,-0.121655,-0.466486,-0.482133,0,0,0,0,0,0,0,0,0,0,0,0,0,0,0,0,0,0,0,0,0,0,
convalescent-29,0.0573484,-0.137991,-0.47152,-0.225781,-0.165253,-0.175894,0,0,0,0,0,0,0,0,0,0,0,0,0,-0.116287,-0.461118,-0.476765,0,0,0,0,0,0,0,0,0,0,0,0,0,0,0,0,0,0,0,0,0,0,
convalescent-30,0.0512769,-0.144063,-0.477592,-0.231853,-0.171325,-0.181965,0,0,0,0,0,0,0,0,0,0,0,0,0,-0.122359,-0.467189,-0.482837,0,0,0,0,0,0,0,0,0,0,0,0,0,0,0,0,0,0,0,0,0,0,
convalescent-31,0.0671562,-0.128184,-0.461713,-0.215973,-0.155445,-0.166086,0,0,0,0,0,0,0,0,0,0,0,0,0,-0.10648,-0.45131,-0.466957,0,0,0,0,0,0,0,0,0,0,0,0,0,0,0,0,0,0,0,0,0,0,
convalescent-32,0.0185844,-0.176755,-0.510284,-0.264545,-0.204017,-0.214658,0,0,0,0,0,0,0,0,0,0,0,0,0,-0.155051,-0.499882,-0.515529,0,0,0,0,0,0,0,0,0,0,0,0,0,0,0,0,0,0,0,0,0,0,
convalescent-33,-0.0139703,-0.20931,-0.542839,-0.2971,-0.236572,-0.247213,0,0,0,-0.0933315,-0.380361,-0.5892,-0.246304,0.119256,-0.416118,-0.15493,-0.0345891,0.0968422,-0.151175,-0.187606,-0.532437,-0.548084,0,0,0,0,0,0,0,0,0,0,0,0,0,0,0,0,0,0,0,0,0,0,
convalescent-34,-0.0341908,-0.229531,-0.56306,-0.31732,-0.256792,-0.267433,0,0,0,0,0,0,0,0,0,0,0,0,0,-0.207827,-0.552657,-0.568304,0,0,0,0,0,0,0,0,0,0,0,0,0,0,0,0,0,0,0,0,0,0,
moderna_v01,0,0,0,0,0,0,-0.0269419,0,0,0,0,0,0,0,0,0,0,0,0,0,0,0,-0.394163,0.0492075,-0.0609475,0.062852,0.240225,-0.0571082,0.12782,-0.312741,-0.0677258,-0.78581,0.0735284,0.141863,0.0106663,-0.231767,-0.152672,0.112174,-0.474744,0.062852,-0.0982248,0,0,0,
moderna_v02,0,0,0,0,0,0,0.0112072,0,0,0,0,0,0,0,0,0,0,0,0,0,0,0,-0.356014,0.0873566,-0.0227984,0.101001,0.278374,-0.0189591,0.165969,-0.274592,-0.0295767,-0.747661,0.111677,0.180012,0.0488154,-0.193618,-0.114523,0.150323,-0.436595,0.101001,-0.0600758,0,0,0,
moderna_v03,0,0,0,0,0,0,-0.222301,0,0,0,0,0,0,0,0,0,0,0,0,0,0,0,-0.589522,-0.146152,-0.256307,-0.132507,0.0448662,-0.252467,-0.0675391,-0.5081,-0.263085,-0.981169,-0.121831,-0.0534958,-0.184693,-0.427126,-0.348031,-0.0831847,-0.670103,-0.132507,-0.293584,0,0,0,
moderna_v04,0,0,0,0,0,0,-0.0144857,0,0,0,0,0,0,0,0,0,0,0,0,0,0,0,-0.381707,0.0616636,-0.0484913,0.0753081,0.252681,-0.044652,0.140276,-0.300285,-0.0552697,-0.773354,0.0859845,0.154319,0.0231224,-0.219311,-0.140215,0.12463,-0.462288,0.0753081,-0.0857687,0,0,0,
moderna_v05,0,0,0,0,0,0,-0.091009,0,0,0,0,0,0,0,0,0,0,0,0,0,0,0,-0.45823,-0.0148596,-0.125015,-0.00121514,0.176158,-0.121175,0.0637528,-0.376808,-0.131793,-0.849878,0.00946125,0.0777961,-0.0534008,-0.295834,-0.216739,0.0481072,-0.538811,-0.00121514,-0.162292,0,0,0,
moderna_v06,0,0,0,0,0,0,-0.0141677,0,0,0,0,0,0,0,0,0,0,0,0,0,0,0,-0.381389,0.0619817,-0.0481733,0.0756261,0.252999,-0.044334,0.140594,-0.299967,-0.0549517,-0.773036,0.0863025,0.154637,0.0234405,-0.218993,-0.139897,0.124948,-0.46197,0.0756261,-0.0854507,0,0,0,
moderna_v07,0,0,0,0,0,0,0.148252,0,0,0,0,0,0,0,0,0,0,0,0,0,0,0,-0.218969,0.224401,0.114246,0.238046,0.415419,0.118086,0.303014,-0.137547,0.107468,-0.610616,0.248722,0.317057,0.18586,-0.0565733,0.0225223,0.287368,-0.29955,0.238046,0.0769691,0,0,0,
moderna_v08,0,0,0,0,0,0,-0.123558,0,0,0,0,0,0,0,0,0,0,0,0,0,0,0,-0.490779,-0.0474083,-0.157563,-0.0337638,0.143609,-0.153724,0.0312041,-0.409357,-0.164342,-0.882426,-0.0230875,0.0452474,-0.0859495,-0.328383,-0.249287,0.0155585,-0.57136,-0.0337638,-0.194841,0,0,0,
moderna_v09,0,0,0,0,0,0,-0.0281523,0,0,0,0,0,0,0,0,0,0,0,0,0,0,0,-0.395373,0.0479971,-0.0621579,0.0616416,0.239015,-0.0583186,0.12661,-0.313952,-0.0689362,-0.787021,0.072318,0.140653,0.00945589,-0.232978,-0.153882,0.110964,-0.475954,0.0616416,-0.0994353,0,0,0,
moderna_v10,0,0,0,0,0,0,0.141033,0,0,0,0,0,0,0,0,0,0,0,0,0,0,0,-0.226188,0.217182,0.107027,0.230827,0.4082,0.110866,0.295794,-0.144767,0.100249,-0.617836,0.241503,0.309838,0.178641,-0.0637927,0.0153029,0.280149,-0.306769,0.230827,0.0697497,0,0,0,
moderna_v11,0,0,0,0,0,0,0.0580066,0,0,0,0,0,0,0,0,0,0,0,0,0,0,0,-0.309214,0.134156,0.024001,0.1478,0.325174,0.0278403,0.212768,-0.227793,0.0172227,-0.700862,0.158477,0.226812,0.0956148,-0.146819,-0.0677231,0.197123,-0.389795,0.1478,-0.0132764,0,0,0,
moderna_v12,0,0,0,0,0,0,-0.0298187,0,0,0,0,0,0,0,0,0,0,0,0,0,0,0,-0.39704,0.0463306,-0.0638244,0.0599751,0.237348,-0.059985,0.124943,-0.315618,-0.0706027,-0.788687,0.0706515,0.138986,0.00778943,-0.234644,-0.155549,0.109297,-0.477621,0.0599751,-0.101102,0,0,0,
pfizer_v13,0,0,0,0,0,0,0,0.0185377,0,0,0,0,0,0,0,0,0,0,0,0,0,0,-0.161433,0.0140398,-0.020383,-0.02986,0.186209,-0.0122609,0.105021,-0.18282,-0.0830836,-0.585375,0.0591828,0.0365751,-0.0547737,-0.129962,0.0699842,0.0984279,-0.339162,-0.02986,-0.0544015,0,0,0,
pfizer_v14,0,0,0,0,0,0,0,0.0351606,0,0,0,0,0,0,0,0,0,0,0,0,0,0,-0.14481,0.0306627,-0.00376013,-0.0132371,0.202832,0.00436197,0.121644,-0.166197,-0.0664607,-0.568752,0.0758057,0.053198,-0.0381508,-0.113339,0.0866071,0.115051,-0.322539,-0.0132371,-0.0377786,0,0,0,
pfizer_v15,0,0,0,0,0,0,0,-0.0760903,0,0,0,0,0,0,0,0,0,0,0,0,0,0,-0.256061,-0.0805882,-0.115011,-0.124488,0.0915812,-0.106889,0.0103933,-0.277448,-0.177712,-0.680003,-0.0354452,-0.0580529,-0.149402,-0.22459,-0.0246438,0.0037999,-0.43379,-0.124488,-0.149029,0,0,0,
pfizer_v16,0,0,0,0,0,0,0,-0.0118752,0,0,0,0,0,0,0,0,0,0,0,0,0,0,-0.191846,-0.0163732,-0.050796,-0.0602729,0.155796,-0.0426739,0.0746084,-0.213233,-0.113497,-0.615788,0.0287699,0.00616213,-0.0851867,-0.160374,0.0395713,0.068015,-0.369575,-0.0602729,-0.0848144,0,0,0,
pfizer_v17,0,0,0,0,0,0,0,-0.0498191,0,0,0,0,0,0,0,0,0,0,0,0,0,0,-0.229789,-0.054317,-0.0887398,-0.0982168,0.117852,-0.0806177,0.0366645,-0.251177,-0.15144,-0.653732,-0.00917397,-0.0317817,-0.123131,-0.198318,0.00162744,0.0300711,-0.407519,-0.0982168,-0.122758,0,0,0,
pfizer_v18,0,0,0,0,0,0,0,-0.112024,0,0,0,0,0,0,0,0,0,0,0,0,0,0,-0.291994,-0.116522,-0.150945,-0.160422,0.0556474,-0.142823,-0.0255405,-0.313382,-0.213645,-0.715937,-0.071379,-0.0939868,-0.185336,-0.260523,-0.0605776,-0.0321339,-0.469724,-0.160422,-0.184963,0,0,0,
pfizer_v19,0,0,0,0,0,0,0,-0.00502969,0,0,0,0,0,0,0,0,0,0,0,0,0,0,-0.185,-0.00952765,-0.0439504,-0.0534274,0.162642,-0.0358283,0.0814539,-0.206387,-0.106651,-0.608943,0.0356154,0.0130077,-0.0783411,-0.153529,0.0464168,0.0748605,-0.36273,-0.0534274,-0.0779689,0,0,0,
pfizer_v20,0,0,0,0,0,0,0,-0.185586,0,0,0,0,0,0,0,0,0,0,0,0,0,0,-0.365557,-0.190084,-0.224507,-0.233984,-0.0179146,-0.216385,-0.0991026,-0.386944,-0.287208,-0.789499,-0.144941,-0.167549,-0.258898,-0.334085,-0.13414,-0.105696,-0.543286,-0.233984,-0.258525,0,0,0,
pfizer_v21,0,0,0,0,0,0,0,-0.156024,0,0,0,0,0,0,0,0,0,0,0,0,0,0,-0.335994,-0.160522,-0.194944,-0.204421,0.011648,-0.186822,-0.06954,-0.357381,-0.257645,-0.759936,-0.115378,-0.137986,-0.229335,-0.304523,-0.104577,-0.0761334,-0.513724,-0.204421,-0.228963,0,0,0,
pfizer_v22,0,0,0,0,0,0,0,0.0487293,0,0,0,0,0,0,0,0,0,0,0,0,0,0,-0.131241,0.0442313,0.00980854,0.00033158,0.216401,0.0179306,0.135213,-0.152628,-0.052892,-0.555184,0.0893744,0.0667667,-0.0245822,-0.0997699,0.100176,0.128619,-0.308971,0.00033158,-0.0242099,0,0,0,
chen-01,0,0.0493157,-0.430677,0,0,0,0,0,0,0,0,0,0,0,0,0,0,0,0,0.15689,0,0,0,0,0,0,0,0,0,0,0,0,0,0,0,0,0,0,0,0,0,0.0401566,-0.161907,-0.281737,
chen-02,0,-0.0610566,-0.54105,0,0,0,0,0,0,0,0,0,0,0,0,0,0,0,0,0.0465175,0,0,0,0,0,0,0,0,0,0,0,0,0,0,0,0,0,0,0,0,0,-0.0702157,-0.272279,-0.39211,
chen-03,0,0.0197313,-0.460262,0,0,0,0,0,0,0,0,0,0,0,0,0,0,0,0,0.127305,0,0,0,0,0,0,0,0,0,0,0,0,0,0,0,0,0,0,0,0,0,0.0105723,-0.191491,-0.311322,
chen-04,0,-0.0394373,-0.51943,0,0,0,0,0,0,0,0,0,0,0,0,0,0,0,0,0.0681368,0,0,0,0,0,0,0,0,0,0,0,0,0,0,0,0,0,0,0,0,0,-0.0485964,-0.25066,-0.37049,
chen-05,0,-0.0354548,-0.515448,0,0,0,0,0,0,0,0,0,0,0,0,0,0,0,0,0.0721193,0,0,0,0,0,0,0,0,0,0,0,0,0,0,0,0,0,0,0,0,0,-0.0446139,-0.246677,-0.366508,
chen-06,0,0.0726417,-0.407351,0,0,0,0,0,0,0,0,0,0,0,0,0,0,0,0,0.180216,0,0,0,0,0,0,0,0,0,0,0,0,0,0,0,0,0,0,0,0,0,0.0634827,-0.138581,-0.258411,
chen-07,0,0.0572807,-0.422712,0,0,0,0,0,0,0,0,0,0,0,0,0,0,0,0,0.164855,0,0,0,0,0,0,0,0,0,0,0,0,0,0,0,0,0,0,0,0,0,0.0481216,-0.153942,-0.273772,
chen-08,0,0.00493918,-0.475054,0,0,0,0,0,0,0,0,0,0,0,0,0,0,0,0,0.112513,0,0,0,0,0,0,0,0,0,0,0,0,0,0,0,0,0,0,0,0,0,-0.0042199,-0.206284,-0.326114,
chen-09,0,-0.0940545,-0.574048,0,0,0,0,0,0,0,0,0,0,0,0,0,0,0,0,0.0135196,0,0,0,0,0,0,0,0,0,0,0,0,0,0,0,0,0,0,0,0,0,-0.103214,-0.305277,-0.425107,
chen-10,0,-0.146965,-0.626958,0,0,0,0,0,0,0,0,0,0,0,0,0,0,0,0,-0.0393908,0,0,0,0,0,0,0,0,0,0,0,0,0,0,0,0,0,0,0,0,0,-0.156124,-0.358188,-0.478018,
chen-11,0,-0.230597,-0.710591,0,0,0,0,0,0,0,0,0,0,0,0,0,0,0,0,-0.123023,0,0,0,0,0,0,0,0,0,0,0,0,0,0,0,0,0,0,0,0,0,-0.239757,-0.44182,-0.56165,
chen-12,0,-0.113967,-0.59396,0,0,0,0,0,0,0,0,0,0,0,0,0,0,0,0,-0.00639295,0,0,0,0,0,0,0,0,0,0,0,0,0,0,0,0,0,0,0,0,0,-0.123126,-0.32519,-0.44502,
chen-13,0,-0.152085,-0.632078,0,0,0,0,0,0,0,0,0,0,0,0,0,0,0,0,-0.0445112,0,0,0,0,0,0,0,0,0,0,0,0,0,0,0,0,0,0,0,0,0,-0.161244,-0.363308,-0.483138,
chen-14,0,0.0407817,-0.439211,0,0,0,0,0,0,0,0,0,0,0,0,0,0,0,0,0.148356,0,0,0,0,0,0,0,0,0,0,0,0,0,0,0,0,0,0,0,0,0,0.0316226,-0.170441,-0.290271,
chen-15,0,-0.00928405,-0.489277,0,0,0,0,0,0,0,0,0,0,0,0,0,0,0,0,0.09829,0,0,0,0,0,0,0,0,0,0,0,0,0,0,0,0,0,0,0,0,0,-0.0184431,-0.220507,-0.340337,
chen-16,0,-0.00700834,-0.487001,0,0,0,0,0,0,0,0,0,0,0,0,0,0,0,0,0.100566,0,0,0,0,0,0,0,0,0,0,0,0,0,0,0,0,0,0,0,0,0,-0.0161674,-0.218231,-0.338061,
chen-17,0,0.00380132,-0.476192,0,0,0,0,0,0,0,0,0,0,0,0,0,0,0,0,0.111375,0,0,0,0,0,0,0,0,0,0,0,0,0,0,0,0,0,0,0,0,0,-0.00535776,-0.207421,-0.327252,
chen-18,0,-0.109416,-0.589409,0,0,0,0,0,0,0,0,0,0,0,0,0,0,0,0,-0.00184151,0,0,0,0,0,0,0,0,0,0,0,0,0,0,0,0,0,0,0,0,0,-0.118575,-0.320638,-0.440469,
chen-19,0,-0.133311,-0.613304,0,0,0,0,0,0,0,0,0,0,0,0,0,0,0,0,-0.0257365,0,0,0,0,0,0,0,0,0,0,0,0,0,0,0,0,0,0,0,0,0,-0.14247,-0.344533,-0.464364,
