result_num,l18f,t19r,t20n,p26s,69-70d,d80a,t95i,d138y,g142d,144d,e154k,d156-157,r190s,d215g,a222v,241-243d,r246i,s247r,k417t+e484k,k417n+e484k,k417n,k417t,l452r+e484q,l452r,t478k,t478k+l452r,e484k,e484q,n501y,n501y+k417n,n501y+k417t,n501y+e484k,a570d,d614g,h655y,p681r,p681h,a701v,t716i,d950n,s982a,t1027i,q1071h,d1118h,v1176f,
result_0.186_171,1.370,0.539,-0.219,-0.237,0.147,0.008,0.096,-0.816,-0.002,0.077,0.002,0.016,-0.233,0.189,0.034,0.083,1.162,-0.004,-0.397,0.176,0.130,-0.064,-0.002,0.272,0.308,0.076,0.234,0.057,-0.010,0.574,-0.064,0.255,0.231,-0.026,-0.132,0.145,0.090,0.209,0.006,0.660,0.082,-0.085,0.033,0.338,-0.716,
result_0.186_228,1.318,0.006,-0.084,-0.208,0.020,0.695,0.043,-0.118,-0.029,0.020,0.070,0.024,-0.011,0.678,0.683,0.230,-0.014,-0.004,-0.854,0.040,0.660,-0.796,-0.013,0.335,0.557,0.128,0.384,-0.035,-0.080,-0.014,-0.077,0.259,0.020,-0.009,-0.118,0.001,0.022,0.594,0.446,0.008,0.022,-0.074,-0.002,0.021,-0.212,
result_0.188_151,1.134,0.323,-0.074,-0.084,0.266,0.002,-0.051,-0.072,0.007,0.147,0.002,0.582,-0.037,0.538,0.004,0.003,0.002,0.007,-1.092,0.002,0.003,-0.153,-0.044,0.313,0.058,0.574,0.731,-0.027,0.227,0.001,-0.052,0.264,0.023,0.002,-0.012,0.162,0.022,1.207,0.156,0.002,0.099,-0.382,0.002,0.252,-0.211,
result_0.188_271,1.338,-0.004,-0.018,-0.101,-0.026,0.055,-0.016,-0.645,0.011,-0.046,0.056,0.589,-0.641,0.128,0.000,0.134,0.095,-0.002,-0.042,0.086,0.127,-0.508,-0.217,0.015,0.658,-0.014,0.497,0.282,0.037,0.177,-0.145,0.033,0.201,-0.002,-0.008,0.308,0.012,1.328,0.132,-0.015,0.316,-0.597,-0.090,0.184,-0.355,
result_0.188_3,0.703,0.008,-0.464,-0.072,0.132,0.326,0.064,-0.597,0.004,0.115,0.013,0.028,-0.354,0.235,0.018,0.044,0.200,-0.001,-0.339,0.214,0.257,-0.388,-0.183,0.047,0.017,0.002,0.974,-0.110,0.036,0.759,-0.469,0.576,0.078,-0.005,-0.116,0.375,0.158,0.845,0.211,0.836,0.249,-0.350,0.032,0.214,-0.114,
result_0.188_82,1.042,0.006,-1.011,0.006,0.192,0.473,0.035,0.004,0.096,0.010,0.136,0.003,0.007,0.003,0.664,0.779,0.026,-0.000,-0.635,0.067,0.922,0.007,0.062,0.132,0.053,0.005,0.063,0.267,0.089,0.045,0.007,0.913,0.262,-0.000,0.007,0.019,0.028,0.248,0.163,0.675,0.243,0.006,0.017,0.018,0.007,
result_0.188_87,1.312,0.017,-0.819,-0.032,0.044,0.145,0.055,-0.029,-0.063,0.046,0.147,0.856,-0.038,0.004,0.001,0.002,0.734,-0.012,-0.029,0.013,0.729,-0.028,-0.101,0.303,0.021,0.012,0.188,-0.015,0.069,0.621,-0.031,0.114,0.070,-0.002,-0.031,0.148,0.040,0.343,0.047,0.018,0.356,-0.035,0.068,0.091,-0.788,
result_0.189_251,1.096,0.485,-0.365,-0.469,0.169,0.297,0.180,-0.369,0.038,0.003,-0.007,-0.005,-0.422,-0.004,0.687,1.042,-0.008,-0.004,-0.341,-0.006,0.677,-0.376,0.217,0.180,-0.006,0.299,0.136,-0.010,-0.003,0.076,-0.368,0.853,0.032,-0.002,-0.327,0.111,0.090,-0.008,0.009,0.159,0.263,-0.298,-0.005,0.181,-0.384,
result_0.190_109,0.905,0.002,-0.596,-0.090,0.201,0.244,0.031,-0.628,0.027,0.223,-0.524,0.002,-0.176,-0.012,0.001,0.251,0.282,-0.091,-0.458,0.100,0.875,-0.582,-0.170,0.906,0.023,0.002,0.043,0.006,0.089,-0.003,-0.172,1.032,0.010,-0.064,-0.104,0.335,0.024,0.866,0.095,0.027,0.370,-0.068,-0.713,0.097,-0.178,
result_0.190_116,1.256,0.512,-0.071,-0.043,0.018,0.043,0.141,-0.045,-0.004,0.031,-0.019,0.459,-0.192,0.034,0.543,0.644,1.022,-0.001,-0.057,0.403,0.004,-0.042,0.131,-0.001,-0.019,-0.019,0.099,0.024,0.102,0.030,-0.051,0.433,0.030,-0.000,-0.409,0.299,0.447,0.004,0.032,-0.028,0.039,-0.067,-0.015,0.009,-1.052,
result_0.190_117,0.946,-0.009,-0.856,-0.045,0.106,-0.017,0.015,-0.042,0.010,0.192,0.037,-0.012,-0.049,0.466,0.734,-0.009,0.626,-0.010,-0.086,0.493,0.696,-0.025,-0.014,0.281,-0.002,0.351,0.225,-0.030,0.112,0.516,-0.122,0.921,0.132,-0.001,-0.706,0.213,0.051,-0.016,0.202,0.312,0.040,-0.092,-0.058,0.224,-0.147,
result_0.190_281,1.330,0.214,-0.416,-0.171,0.365,0.067,0.137,-0.460,0.084,0.122,-0.003,0.412,-0.568,0.026,0.673,1.200,0.076,0.003,-0.352,0.065,0.068,-0.069,-0.003,0.120,0.228,0.011,0.232,0.145,0.131,0.046,-0.425,0.088,0.053,0.007,-0.001,0.255,0.025,0.412,0.055,0.275,0.085,-0.001,0.043,0.035,-0.543,
result_0.191_14,0.822,0.802,-0.260,-0.208,0.193,-0.005,0.063,-0.207,-0.000,0.226,-0.000,0.001,-0.086,0.618,0.243,0.293,0.458,-0.002,-0.625,-0.012,0.406,-0.400,-0.001,0.340,0.259,0.002,0.524,-0.000,0.150,0.823,-0.526,0.925,0.242,-0.002,-0.008,0.024,0.069,0.279,0.025,0.001,0.003,-0.556,0.040,0.144,-0.180,
result_0.191_143,1.009,0.346,-0.126,-0.002,0.036,0.085,0.110,-0.324,0.242,0.043,0.006,0.451,-0.033,0.914,0.570,0.250,0.063,0.002,-0.686,0.204,0.877,-0.865,0.006,0.023,0.172,0.401,0.388,0.138,0.321,0.085,-0.069,0.821,0.014,0.002,-0.052,0.140,0.099,0.077,0.127,0.008,0.083,-0.174,0.097,0.116,-0.126,
result_0.191_159,1.001,0.000,-0.331,-0.025,0.011,0.010,0.068,-0.557,-0.014,0.058,-0.053,0.381,-0.057,0.274,0.516,0.009,0.270,-0.003,-0.256,0.493,0.007,-0.490,0.069,0.073,0.325,0.477,0.808,-0.042,0.078,1.064,-0.356,0.040,0.011,-0.003,-0.385,0.335,0.126,0.013,0.046,-0.000,0.009,-0.311,-0.028,0.356,-0.243,
result_0.191_257,1.245,0.000,-0.699,-0.500,0.204,-0.004,-0.097,-0.116,-0.020,0.114,-0.065,0.212,-0.107,0.629,0.007,0.026,-0.004,-0.002,-0.074,-0.005,0.545,-0.122,0.032,0.379,-0.000,0.827,0.532,-0.065,0.113,0.470,-0.725,0.172,0.029,-0.110,-0.228,0.003,0.108,0.873,0.031,-0.000,0.257,-0.074,-0.099,0.197,-0.012,
result_0.191_267,0.836,0.240,-0.056,-0.317,0.049,0.574,-0.053,-0.384,0.172,-0.073,-0.295,0.082,-0.436,0.605,0.616,0.028,0.059,0.001,-0.538,0.545,0.251,-0.047,-0.291,0.293,-0.018,-0.009,0.978,0.544,0.124,0.480,-0.357,0.041,-0.138,-0.000,-0.299,0.149,0.140,0.471,0.289,0.540,0.266,-0.483,-0.379,0.080,-0.206,
result_0.191_300,0.644,-0.002,-0.081,-0.225,0.175,0.832,0.003,-0.255,0.016,0.183,-0.016,-0.004,-0.319,0.301,0.811,0.018,0.005,-0.030,-0.117,0.858,0.006,-0.182,-0.056,0.379,-0.005,-0.002,0.736,-0.153,0.195,0.013,-0.119,0.850,0.003,-0.058,-0.313,0.000,0.239,0.012,0.004,-0.001,0.004,-0.905,-0.111,0.194,-0.097,
result_0.191_38,0.867,-0.004,-0.153,-0.009,0.079,0.065,0.014,-0.570,0.011,0.007,0.078,0.571,-0.070,0.063,0.344,0.002,0.044,-0.003,-0.099,0.584,0.803,-0.487,0.000,0.303,0.317,0.437,0.967,0.125,0.339,0.780,-0.259,0.270,0.007,-0.009,-0.760,0.029,0.007,0.124,0.007,-0.015,0.122,-0.253,0.000,0.007,-0.076,
result_0.191_71,0.824,-0.001,-0.094,-0.213,0.038,0.029,-0.022,-0.548,0.004,0.021,-0.001,-0.002,-0.280,0.001,-0.005,0.764,0.177,-0.035,-0.836,0.021,0.276,-0.197,-0.002,0.086,0.535,0.648,0.649,-0.022,0.341,0.723,-0.304,0.812,0.027,-0.003,-0.151,0.335,0.016,0.630,0.013,-0.005,0.036,-0.056,0.003,0.098,-0.126,
result_0.192_10,1.007,-0.001,-0.197,-0.006,0.038,0.660,0.056,-0.050,-0.000,0.006,-0.000,0.041,-0.239,0.006,0.635,0.028,0.025,-0.000,-0.027,0.008,0.026,-0.714,-0.000,0.092,0.034,0.569,0.238,-0.000,0.332,0.019,-0.389,0.788,0.018,0.011,-0.414,0.292,0.010,1.047,0.080,-0.001,0.091,-0.548,0.119,0.006,-0.049,
result_0.192_199,0.920,0.797,-0.350,-0.540,0.089,0.445,0.083,-0.344,-0.017,0.020,-0.004,0.367,-0.481,0.023,0.051,0.902,0.004,-0.000,-0.040,0.753,0.120,-0.642,0.227,0.151,0.043,0.064,0.809,0.203,0.175,0.037,-0.244,0.507,0.119,-0.004,-0.028,0.037,0.042,0.009,0.196,0.088,0.164,-0.140,-0.017,0.198,-0.105,
result_0.193_144,0.988,0.679,-0.019,-0.438,0.220,0.412,-0.002,-0.041,-0.004,0.007,0.040,0.214,-0.022,0.201,0.445,0.467,0.953,-0.000,-0.022,0.273,0.404,-0.030,-0.001,0.010,-0.004,0.343,0.539,0.166,0.259,0.236,-0.747,0.685,0.340,-0.001,-0.766,0.198,0.008,0.274,0.015,0.016,0.026,-0.018,0.222,0.012,-0.043,
result_0.193_169,0.871,0.753,-0.148,-0.024,0.034,0.230,-0.113,-0.481,0.199,0.101,0.084,0.329,-0.714,0.704,-0.006,0.113,0.578,0.010,-0.109,0.399,0.144,-0.058,-0.108,0.327,-0.019,-0.022,0.158,-0.117,0.192,0.017,-0.041,0.911,0.100,0.005,-0.096,-0.000,0.041,0.625,0.142,0.193,0.181,-0.173,0.051,0.186,-0.572,
result_0.193_184,0.650,0.025,-0.919,-0.033,0.001,0.002,0.007,-0.029,0.004,0.003,0.007,0.012,-0.015,0.129,0.339,1.020,0.069,0.011,-0.033,0.706,0.012,-0.266,0.003,0.300,0.354,0.449,0.880,-0.048,0.335,0.136,-0.026,0.732,0.002,0.016,-0.020,0.195,0.001,0.083,0.001,0.496,0.001,-0.596,-0.058,0.001,-0.016,
result_0.193_21,0.917,0.258,-0.111,-0.005,0.016,0.581,0.047,-0.486,0.070,0.366,-0.132,0.002,-0.019,0.063,0.004,0.471,0.846,-0.006,-0.328,0.040,0.034,-0.019,-0.092,0.000,0.603,0.543,0.928,0.035,0.108,0.587,-0.960,0.258,0.046,-0.003,-0.002,0.380,0.064,0.043,0.151,0.140,0.046,-0.014,0.030,0.129,-0.024,
result_0.193_224,1.223,0.001,-0.392,-0.392,0.006,0.005,-0.000,-0.035,0.090,0.005,0.310,0.299,-0.187,0.005,0.807,0.003,0.008,0.018,-0.508,0.002,0.008,-0.375,0.104,0.012,0.001,0.058,0.385,0.000,0.353,1.237,-0.455,0.193,0.004,0.013,-0.371,0.004,0.003,0.002,0.004,0.265,0.003,-0.069,0.057,0.003,-0.380,
result_0.193_279,1.018,0.243,-0.109,-0.049,0.005,0.596,-0.020,-0.590,0.236,0.004,0.136,-0.001,-0.018,0.025,0.702,0.659,0.180,0.012,-0.018,0.218,0.012,-0.614,0.209,0.026,0.002,-0.000,0.787,-0.022,0.338,0.203,-0.010,0.032,0.004,0.044,-0.032,0.011,0.002,0.778,0.005,0.501,0.032,-0.004,-0.016,0.007,-0.687,
result_0.193_289,1.025,0.156,-0.011,-0.228,0.013,0.092,-0.247,-0.317,-0.426,0.013,0.004,0.051,-0.147,0.021,0.117,0.041,0.098,0.001,-0.389,1.170,0.097,-0.507,0.006,0.066,0.312,0.275,0.574,0.003,0.350,0.362,-0.553,0.542,0.038,0.001,-0.366,0.595,0.013,0.095,0.005,0.486,0.044,-0.245,0.008,0.008,-0.390,
result_0.193_39,0.842,0.057,-0.341,-0.169,0.019,0.027,-0.060,-0.483,0.002,0.018,0.001,0.588,-0.392,1.207,0.055,0.036,0.009,-0.000,-0.374,0.033,0.050,-0.382,0.003,0.134,0.112,0.501,0.089,0.001,0.368,0.379,-0.506,1.016,0.011,0.005,-0.324,0.389,0.054,0.023,0.005,0.024,0.003,-0.182,-0.219,0.018,-0.254,
result_0.193_72,0.992,0.290,-0.389,-0.674,0.007,0.033,0.034,-0.421,-0.142,0.008,-0.190,0.030,-0.334,0.055,0.044,0.864,0.062,0.017,-0.336,0.041,0.513,-0.006,-0.013,0.453,0.732,0.129,0.127,-0.113,0.358,0.639,-0.001,0.854,0.003,0.001,-0.004,0.022,0.004,0.406,0.004,0.016,0.117,-0.518,0.028,0.027,-0.124,
result_0.194_118,0.930,0.315,-0.045,-0.043,0.078,0.257,0.009,-0.029,0.084,0.093,0.087,0.175,-0.027,0.027,0.681,0.950,0.250,-0.001,-0.781,0.234,0.002,-0.158,-0.074,0.230,0.328,-0.001,0.894,-0.063,0.330,0.010,-0.277,0.164,0.039,-0.001,-0.617,0.267,0.058,0.665,0.092,-0.000,0.073,-0.186,-0.051,0.030,-0.328,
result_0.194_124,0.813,0.682,-0.269,-0.331,0.029,0.973,0.134,-0.508,-0.002,0.052,-0.001,0.349,-0.227,0.269,0.308,0.421,0.007,-0.000,-0.039,0.198,0.565,-0.599,0.144,0.122,-0.002,-0.002,0.624,0.243,0.125,0.245,-0.195,0.875,0.207,-0.000,-0.190,0.121,0.172,0.086,0.223,0.382,0.007,-0.585,-0.002,0.218,-0.239,
result_0.194_215,1.277,-0.027,-0.193,-0.111,0.212,0.027,-0.115,-0.348,0.060,0.001,-0.230,0.472,-0.549,0.002,0.380,0.900,0.714,0.002,-0.203,0.057,0.406,-0.270,-0.201,0.300,-0.001,-0.002,0.285,0.092,0.211,0.008,-0.140,0.002,0.001,0.007,-0.317,0.310,0.002,0.213,0.110,0.509,0.006,-0.004,-0.033,0.301,-0.733,
result_0.194_273,1.247,0.474,-0.483,-0.001,0.001,0.686,-0.087,-0.561,0.002,0.001,-0.008,0.006,-0.338,0.024,0.039,0.077,0.110,0.013,-0.124,0.206,0.018,-0.344,-0.115,0.098,0.217,0.635,0.395,-0.030,0.335,0.998,-0.656,0.082,0.001,0.018,-0.001,0.329,0.001,0.002,0.001,0.012,0.001,-0.180,-0.054,0.001,-0.001,
result_0.194_275,0.939,0.143,-0.111,-0.138,0.004,0.756,0.159,-0.026,-0.014,0.003,-0.007,-0.004,-0.230,0.571,-0.004,-0.001,-0.001,-0.053,-0.196,-0.003,-0.000,-0.788,-0.008,0.029,-0.005,0.844,0.028,0.209,0.352,-0.002,-0.468,0.912,0.003,-0.041,-0.335,0.237,0.004,0.809,0.004,0.193,0.003,-0.401,-0.007,0.004,-0.083,
result_0.194_276,0.935,0.444,-0.461,-0.590,0.002,0.050,0.043,-0.644,0.028,0.002,0.098,-0.025,-0.311,0.204,-0.019,0.152,0.991,0.012,-0.084,0.293,0.335,-0.051,-0.133,0.413,0.001,0.545,0.397,-0.235,0.337,0.289,-0.361,0.801,0.002,0.002,-0.006,-0.004,0.002,0.453,0.002,0.443,0.003,-0.088,0.025,0.004,-0.066,
result_0.194_56,1.135,0.642,-0.015,-0.072,0.145,0.039,0.071,-0.549,0.030,0.129,-0.028,0.026,-0.012,0.009,0.042,0.041,1.068,-0.011,-0.034,0.084,0.026,-0.031,-0.021,0.026,0.532,0.096,0.585,0.069,0.171,0.036,-0.186,0.360,0.208,-0.004,-0.008,0.310,0.162,0.651,0.136,0.011,-0.119,-0.925,-0.016,0.192,-0.255,
result_0.195_16,0.789,-0.001,-0.084,-0.745,0.010,0.711,0.005,-0.006,-0.064,0.010,-0.314,0.426,-0.172,0.600,-0.000,0.407,0.337,-0.021,-0.306,0.053,0.207,-0.005,0.000,0.105,-0.002,0.642,1.013,-0.051,0.359,0.294,-0.004,0.133,0.014,-0.077,-0.562,0.458,0.001,0.512,0.018,-0.002,0.015,-0.483,-0.007,0.004,-0.008,
result_0.195_160,1.102,0.006,-0.050,-0.026,0.002,0.581,0.109,-0.371,0.224,0.001,0.107,0.006,-1.041,0.052,0.868,0.131,0.124,0.005,-0.063,0.122,0.569,-0.081,0.035,0.070,0.281,0.002,0.395,0.217,0.343,0.961,-0.070,0.573,0.001,0.004,-0.043,0.002,0.001,0.002,0.001,0.081,0.002,-0.047,0.105,0.001,-0.027,
result_0.195_283,1.114,0.013,-0.205,-0.091,0.010,0.042,0.084,-0.131,0.288,0.015,-0.001,0.521,-0.417,0.336,0.455,0.206,1.028,0.028,-0.045,0.312,0.208,-0.471,0.008,0.117,0.484,0.310,0.554,0.007,0.357,0.050,-0.474,0.355,0.006,0.006,-0.653,0.139,0.013,0.367,0.003,-0.009,0.061,-0.159,0.000,0.007,-0.174,
result_0.196_164,0.792,-0.005,-0.779,-0.096,0.018,0.966,0.034,-0.144,0.024,0.009,-0.121,0.714,-0.053,0.472,0.125,0.143,0.008,0.000,-0.093,0.384,0.210,-0.679,-0.111,0.233,-0.007,0.300,1.047,-0.060,0.347,0.008,-0.357,0.141,0.021,0.010,-0.036,0.256,0.012,0.474,0.011,0.375,0.015,-0.093,0.006,0.019,-0.191,
result_0.196_20,1.281,0.026,-0.179,-0.461,0.007,-0.001,0.004,-0.320,0.001,0.046,0.000,0.042,-0.382,0.000,0.158,0.666,0.183,0.001,-0.469,-0.001,-0.001,-0.211,0.001,0.100,0.165,0.826,0.185,0.000,0.311,1.048,-0.138,0.295,0.034,0.001,-0.307,0.341,0.071,-0.001,0.004,0.048,0.051,-0.281,0.000,0.013,-0.623,
result_0.196_206,1.180,0.727,-0.168,-0.489,0.003,0.698,0.036,-0.285,0.065,0.003,0.101,0.375,-0.636,0.763,0.014,0.024,0.023,0.009,-0.466,0.010,0.025,-0.193,0.042,0.014,0.003,0.014,0.593,0.154,0.356,0.682,-0.229,0.230,0.003,0.024,-0.081,0.274,0.002,0.025,0.002,0.348,0.002,-0.464,0.045,0.002,-0.130,
result_0.196_226,1.060,0.049,-0.877,-0.113,-0.007,0.726,-0.045,-0.342,-0.040,0.154,0.149,0.386,-0.165,0.363,0.404,0.138,0.031,-0.048,-0.224,0.140,0.018,-0.025,0.043,0.044,0.043,0.558,0.607,0.253,0.329,0.064,-0.021,0.316,-0.006,-0.099,-0.248,0.165,-0.004,0.812,0.014,0.365,-0.002,-0.284,0.131,0.147,-0.009,
result_0.198_189,0.841,0.700,-0.037,-0.038,0.000,0.265,0.057,-0.035,-0.221,0.000,0.048,-0.001,-0.037,0.660,-0.000,0.351,0.769,-0.148,-0.741,0.154,0.208,-0.052,-0.114,0.498,0.212,-0.001,0.926,-0.095,0.359,0.183,-0.497,0.024,0.000,-0.006,-0.040,0.016,0.000,0.319,0.000,-0.001,0.000,-0.506,-0.198,0.000,-0.050,
result_0.198_240,1.211,0.008,-0.835,-0.209,0.001,0.421,-0.508,-0.158,-0.213,0.009,0.003,0.003,-0.222,0.011,0.073,0.081,0.090,0.003,-0.121,0.088,0.923,-0.326,0.013,0.385,0.004,0.001,0.303,0.010,0.343,0.088,-0.327,0.091,0.019,0.033,-0.041,0.752,0.001,0.608,0.011,0.009,0.007,-0.030,-0.524,0.021,-0.307,
result_0.198_274,0.981,-0.010,-0.014,-0.650,0.001,0.500,0.150,-0.287,0.094,0.005,-0.006,0.586,-0.419,-0.000,-0.007,0.501,0.000,0.022,-0.269,0.551,0.827,-0.009,0.036,0.002,0.637,-0.002,0.757,-0.017,0.357,0.194,-0.158,0.250,0.001,0.044,-0.014,0.287,0.002,-0.000,0.001,-0.016,0.007,-0.635,-0.011,0.003,-0.011,
result_0.198_96,0.850,0.005,-0.309,-0.111,0.000,0.001,0.000,-0.170,0.000,0.001,0.000,0.477,-0.098,0.631,0.432,0.001,0.682,0.002,-0.098,0.551,0.551,-0.029,0.000,0.286,0.481,0.135,0.703,0.002,0.359,0.182,-0.988,0.684,0.000,0.006,-0.042,0.225,0.000,0.001,0.001,0.006,0.001,-0.058,0.002,0.000,-0.164,
result_0.199_13,0.833,0.182,-0.465,-0.260,0.114,0.232,-0.198,-0.029,-0.301,0.085,-0.297,0.232,-0.406,0.017,0.616,0.342,0.011,0.010,-0.117,0.982,0.293,-0.553,0.018,0.566,0.113,0.110,0.130,-0.057,0.337,0.034,-0.150,1.043,0.005,0.002,-0.182,0.132,0.008,0.620,0.007,0.119,0.036,-0.437,0.019,0.020,-0.580,
result_0.199_136,1.032,0.364,-0.002,-0.003,0.183,0.373,0.014,-0.005,-0.155,0.145,0.014,0.139,-0.006,0.187,0.366,0.634,0.489,-0.066,-0.006,0.224,0.071,-0.002,-0.161,0.091,0.551,0.119,0.126,-0.127,0.293,0.763,-0.007,0.734,-0.000,-0.046,-0.006,0.391,-0.004,0.219,-0.004,0.259,0.063,-1.079,0.005,0.186,-0.004,
result_0.199_136,1.032,0.364,-0.002,-0.003,0.183,0.373,0.014,-0.005,-0.155,0.145,0.014,0.139,-0.006,0.187,0.366,0.634,0.489,-0.066,-0.006,0.224,0.071,-0.002,-0.161,0.091,0.551,0.119,0.126,-0.127,0.293,0.763,-0.007,0.734,-0.000,-0.046,-0.006,0.391,-0.004,0.219,-0.004,0.259,0.063,-1.079,0.005,0.186,-0.004,
result_0.200_36,1.108,0.389,-0.088,-0.025,-0.002,0.090,0.111,-0.103,0.072,-0.004,-0.089,0.392,-0.098,0.006,0.573,0.990,0.666,-0.097,-0.296,0.050,0.001,-0.540,0.056,-0.006,-0.004,-0.001,0.526,-0.254,0.358,0.001,-0.619,0.049,-0.006,-0.004,-0.075,0.419,-0.006,0.005,-0.008,-0.003,-0.001,-0.059,0.085,-0.000,-0.509,
result_0.201_249,0.868,0.359,-0.216,-0.456,0.026,-0.005,-0.008,-0.197,0.045,0.011,-0.096,0.001,-0.537,0.677,0.474,0.472,0.126,0.008,-0.379,0.232,0.624,-0.347,0.107,0.242,0.464,0.197,0.446,-0.132,0.338,0.561,-0.012,0.760,0.001,0.016,-0.428,0.294,0.001,-0.005,0.008,0.236,0.008,-0.209,-0.084,0.033,-0.118,
result_0.201_35,1.177,0.300,-0.083,-0.082,0.001,0.232,0.190,-0.052,0.177,0.000,0.162,0.002,-0.789,0.024,0.027,0.008,0.216,0.058,-0.017,0.023,1.098,-0.684,0.120,0.005,0.174,0.845,0.461,0.032,0.328,0.139,-0.050,0.268,0.000,0.019,-0.014,0.016,0.000,0.251,0.001,0.007,0.000,-0.109,0.138,0.000,-0.034,
result_0.204_120,0.722,0.069,-0.066,-0.094,0.019,-0.001,-0.338,-0.257,0.007,0.001,0.006,0.047,-0.474,0.279,0.475,0.691,0.766,0.001,-0.120,-0.004,0.442,-0.111,-0.433,0.017,0.007,0.080,0.957,-0.160,0.334,-0.004,-0.810,0.008,0.001,0.016,-0.094,0.644,0.007,-0.002,0.001,0.397,0.008,-0.081,0.004,0.008,-0.026,
result_0.206_88,0.865,0.182,-0.010,-0.514,-0.012,0.016,-0.020,-0.007,0.038,-0.008,-0.023,0.600,-0.002,0.037,-0.004,0.003,0.016,0.006,-0.006,0.006,1.012,-0.007,-0.225,0.275,0.440,-0.007,0.799,0.007,0.318,0.519,-0.008,0.109,-0.009,0.068,-0.010,0.286,-0.003,0.082,-0.007,0.089,-0.004,-0.521,0.064,-0.005,-0.595,
result_0.207_207,1.217,0.000,-0.270,-0.235,-0.002,-0.002,0.002,-0.235,0.012,-0.000,-0.378,0.226,-0.273,0.109,0.000,-0.002,0.655,0.000,-0.287,0.185,0.940,-0.538,0.026,0.411,0.001,0.000,0.059,-0.068,0.344,-0.001,-0.270,0.019,-0.002,0.038,-0.459,0.562,-0.001,-0.000,-0.000,0.476,-0.000,-0.198,-0.464,0.000,-0.200,
result_0.207_25,1.130,0.062,-0.411,-0.154,-0.008,0.003,0.017,-0.214,-0.010,0.001,0.010,-0.005,-0.062,0.027,0.474,0.050,0.741,0.000,-0.454,0.313,0.056,-0.351,0.006,0.096,0.592,-0.003,0.335,-0.002,0.330,0.519,-0.465,0.221,-0.005,0.074,-0.326,0.368,-0.008,0.613,0.001,-0.004,-0.021,-0.101,-0.028,0.001,-0.134,
result_0.209_19,0.952,0.008,-0.511,-0.070,-0.001,0.001,-0.336,-0.048,0.019,-0.009,0.040,0.492,-0.268,0.514,0.008,0.353,0.002,-0.071,-0.034,0.599,0.003,-0.066,-0.322,0.338,0.008,0.014,0.608,-0.063,0.361,0.675,-0.062,0.166,-0.009,-0.004,-0.050,0.612,-0.008,0.000,-0.004,0.009,-0.037,-0.028,-0.378,-0.007,-0.700,
result_0.220_107,0.990,0.371,-0.022,-0.484,-0.033,0.621,0.019,-0.032,0.064,-0.013,0.012,0.001,-0.029,0.229,0.001,-0.001,0.506,0.045,-0.004,0.637,-0.003,-0.067,-0.051,0.040,0.677,0.001,0.625,0.019,0.407,-0.002,-0.012,0.067,-0.044,0.113,-0.630,0.338,-0.049,0.325,-0.001,0.001,-0.049,-0.441,-0.026,-0.047,-0.047,
